provincia,id,tipo,comune,corso_acqua,tratto,regola,geometria,lunghezza_m,fonte
Biella,BI-NK-03,no_kill,Biella,Torrente Cervo,dal ponte di Chiavazza verso monte fino al ponticello di via Craveia a Tollegno (Comuni di Biella e Tollegno),"rilascio obbligatorio, solo mosche artificiali",linea (media),3224,Vademecum del pescatore biellese 2026 - Provincia di Biella (agg. 18/02/2026)
Biella,BI-NK-02,no_kill,Campiglia Cervo,Torrente Cervo,dal Rio Concabbia alla lama della scuola,"rilascio obbligatorio, solo mosche artificiali",linea (media),181,Vademecum del pescatore biellese 2026 - Provincia di Biella (agg. 18/02/2026)
Biella,BI-NK-01,no_kill,Muzzano,Torrente Elvo,tratto delimitato a valle dal ponte sulla SP 500 e per circa 600 m a monte (Comuni di Muzzano e Sordevolo),"rilascio obbligatorio, solo mosche artificiali",linea (media),625,Vademecum del pescatore biellese 2026 - Provincia di Biella (agg. 18/02/2026)
Biella,BI-NK-04,no_kill,Pralungo,Torrente Oropa,dalla confluenza con il T. Cervo fino all'imbocco della roggia di S. Giuseppe (Comuni di Biella e Pralungo),"rilascio obbligatorio, solo mosche artificiali",linea (media),2122,Vademecum del pescatore biellese 2026 - Provincia di Biella (agg. 18/02/2026)
Biella,BI-NK-06,no_kill,Pray,Torrente Sessera,dal ponte sulla SP 200 II tronco km 8+300 (Pray) alla confluenza con il Rio Fontana (Crevacuore),"rilascio obbligatorio, solo mosche artificiali",linea (media),3360,Vademecum del pescatore biellese 2026 - Provincia di Biella (agg. 18/02/2026)
Biella,BI-NK-05,no_kill,Valdilana,Torrente Sessera,"dalla passerella dell'acquedotto in localita Frera fino a 800 m a monte (Comune di Valdilana, ex Trivero)","rilascio obbligatorio, solo mosche artificiali",linea (media),810,Vademecum del pescatore biellese 2026 - Provincia di Biella (agg. 18/02/2026)
Biella,BI-PROT-10,protezione,Biella,Rio della Furia,dalla confluenza con il Torrente Oropa fino a 300 m a monte della presa idrica dell'acquedotto di frazione Valle di Pralungo (tot. 500 m),divieto assoluto di pesca,linea (media),518,Vademecum del pescatore biellese 2026 - Provincia di Biella (agg. 18/02/2026)
Biella,BI-PROT-06,protezione,Callabiana,Torrente Strona,dal ponte della SP 105 alla confluenza con il Rio dei Nousarei (Comuni di Callabiana e Camandona),divieto assoluto di pesca,linea (bassa),638,Vademecum del pescatore biellese 2026 - Provincia di Biella (agg. 18/02/2026)
Biella,BI-PROT-07,protezione,Camandona,Rio delle Oche,dal ponte sulla Strada Comunale presso la Frazione Molino fino alla confluenza con il Torrente Strona,divieto assoluto di pesca,marker,,Vademecum del pescatore biellese 2026 - Provincia di Biella (agg. 18/02/2026)
Biella,BI-PROT-12,protezione,Campiglia Cervo,Torrente Cervo,da Frazione delle Piane a Frazione Molino (tot. 500 m),divieto assoluto di pesca,linea (media),324,Vademecum del pescatore biellese 2026 - Provincia di Biella (agg. 18/02/2026)
Biella,BI-PROT-08,protezione,Coggiola,Rio Fura,dalla confluenza con il T. Sessera fino alle sorgenti,divieto assoluto di pesca,marker,,Vademecum del pescatore biellese 2026 - Provincia di Biella (agg. 18/02/2026)
Biella,BI-PROT-09,protezione,Crevacuore,Rio Caneglio,tra la confluenza del Torrente Sessera e il ponte sulla SP 200 - Via Garibaldi,divieto assoluto di pesca,linea (bassa),2173,Vademecum del pescatore biellese 2026 - Provincia di Biella (agg. 18/02/2026)
Biella,BI-PROT-13,protezione,Crevacuore,Rio Bodro,dalla confluenza con il torrente Sessera fino al ponte della S.P. 121,divieto assoluto di pesca,linea (media),3138,Vademecum del pescatore biellese 2026 - Provincia di Biella (agg. 18/02/2026)
Biella,BI-PROT-01,protezione,Donato,Rio del Fornetto,dalla confluenza con il T. Viona fino alle sorgenti,divieto assoluto di pesca,marker,,Vademecum del pescatore biellese 2026 - Provincia di Biella (agg. 18/02/2026)
Biella,BI-PROT-02,protezione,Graglia,Torrente Janca,da 200 m a monte del ponte del Tracciolino di Oropa a 300 m a valle fino alla confluenza del Rio Baracon,divieto assoluto di pesca,linea (bassa),500,Vademecum del pescatore biellese 2026 - Provincia di Biella (agg. 18/02/2026)
Biella,BI-PROT-05,protezione,Piedicavallo,Rio Urialet,tutto il corso,divieto assoluto di pesca,marker,,Vademecum del pescatore biellese 2026 - Provincia di Biella (agg. 18/02/2026)
Biella,BI-PROT-11,protezione,Pralungo,Torrente Oropa,dal ponte in Frazione Valle di Pralungo per 300 m a valle e 200 m a monte (Comuni di Biella e Pralungo),divieto assoluto di pesca,linea (media),522,Vademecum del pescatore biellese 2026 - Provincia di Biella (agg. 18/02/2026)
Biella,BI-PROT-04,protezione,Sagliano Micca,Rio Morezza,da Localita Usciso fino a Cascina Sciura (Comuni di Sagliano Micca e Tavigliano),divieto assoluto di pesca,linea (media),3496,Vademecum del pescatore biellese 2026 - Provincia di Biella (agg. 18/02/2026)
Biella,BI-PROT-03,protezione,Sordevolo,Torrente Elvo,da 300 m a monte a 300 m a valle del Ponte dell'Elvo al Tracciolino di Oropa,divieto assoluto di pesca,linea (media),627,Vademecum del pescatore biellese 2026 - Provincia di Biella (agg. 18/02/2026)
Novara,NO-CG-02,campo_gara,Bolzano Novarese,Torrente Agogna,campo gara Bolzano: dalla confluenza con il torrente Membra fino alla Chiesa di San Martino in Entravo,campo gara permanente,linea (media),3712,"Regolamento di pesca Provincia di Novara (2023, mirror pescafiume.it) - FONTE SECONDARIA/INCOMPLETA"
Novara,NO-CG-03,campo_gara,Briga Novarese,Torrente Agogna,campo gara Briga: dal ponte del municipio di Briga Novarese a valle fino al ponte di San Marco,campo gara permanente,linea (bassa),1446,"Regolamento di pesca Provincia di Novara (2023, mirror pescafiume.it) - FONTE SECONDARIA/INCOMPLETA"
Novara,NO-CG-01,campo_gara,Cerano,Torrente Terdoppio (scolmatore),tra l'opera di presa della Roggia Cerana e il ponte di Via Vigevano,campo gara permanente,linea (bassa),183,"Regolamento di pesca Provincia di Novara (2023, mirror pescafiume.it) - FONTE SECONDARIA/INCOMPLETA"
Novara,NO-NK-01,no_kill,Borgomanero,Torrente Agogna,dal ponte nuovo per Pisogno a valle fino al ponte per Pezzasco,"pesca a mosca artificiale, rilascio di tutto il pescato",linea (media),4599,"Regolamento di pesca Provincia di Novara (2023, mirror pescafiume.it) - FONTE SECONDARIA/INCOMPLETA"
Novara,NO-SALM-01,salmonicola,Grignasco,Fiume Sesia,tratto salmonicolo nei Comuni di Grignasco e Prato Sesia; nei Comuni di Prato Sesia e Romagnano Sesia per circa 1 km,acque salmonicole,linea (bassa),4965,"Regolamento di pesca Provincia di Novara (2023, mirror pescafiume.it) - FONTE SECONDARIA/INCOMPLETA"
Novara,NO-SALM-02,salmonicola,Orta San Giulio,Lago d'Orta,il lago d'Orta classificato fra le acque salmonicole,acque salmonicole,marker,,"Regolamento di pesca Provincia di Novara (2023, mirror pescafiume.it) - FONTE SECONDARIA/INCOMPLETA"
Torino,TO-DEP-18,concessione,Avigliana,Lago Grande di Avigliana,D.E.P. di privati,Diritto esclusivo di pesca / uso civico - serve permesso del titolare/concessionario,marker,,Vademecum del Pescatore 2026 - Citta Metropolitana di Torino (agg. 20/02/2026)
Torino,TO-DEP-19,concessione,Avigliana,Lago Piccolo di Avigliana,D.E.P. della F.I.P.S.A.S.,Diritto esclusivo di pesca / uso civico - serve permesso del titolare/concessionario,marker,,Vademecum del Pescatore 2026 - Citta Metropolitana di Torino (agg. 20/02/2026)
Torino,TO-DEP-03,concessione,Azeglio,Lago di Viverone (Azeglio),superficie in Comune di Azeglio (U.C.),Diritto esclusivo di pesca / uso civico - serve permesso del titolare/concessionario,marker,,Vademecum del Pescatore 2026 - Citta Metropolitana di Torino (agg. 20/02/2026)
Torino,TO-DEP-09,concessione,Brusasco,Fiume Po e Dora Baltea,"Brusasco e Cavagnolo, sponde opposte (D.E.P. privati)",Diritto esclusivo di pesca / uso civico - serve permesso del titolare/concessionario,marker,,Vademecum del Pescatore 2026 - Citta Metropolitana di Torino (agg. 20/02/2026)
Torino,TO-DEP-11,concessione,Brusasco,Fiume Po,sponda destra Brusasco (D.E.P. F.I.P.S.A.S.),Diritto esclusivo di pesca / uso civico - serve permesso del titolare/concessionario,marker,,Vademecum del Pescatore 2026 - Citta Metropolitana di Torino (agg. 20/02/2026)
Torino,TO-DEP-04,concessione,Candia Canavese,Lago di Candia,U.C. del Comune di Candia,Diritto esclusivo di pesca / uso civico - serve permesso del titolare/concessionario,marker,,Vademecum del Pescatore 2026 - Citta Metropolitana di Torino (agg. 20/02/2026)
Torino,TO-DEP-22,concessione,Carmagnola,Fiume Po,dal confine di Lombriasco allo sbocco del torrente Meletta (D.E.P. del Comune di Carmagnola),Diritto esclusivo di pesca / uso civico - serve permesso del titolare/concessionario,linea (bassa),2266,Vademecum del Pescatore 2026 - Citta Metropolitana di Torino (agg. 20/02/2026)
Torino,TO-DEP-12,concessione,Cavagnolo,Fiume Po,"sponda destra Cavagnolo, incluso lancone dei Piloni (D.E.P. F.I.P.S.A.S.)",Diritto esclusivo di pesca / uso civico - serve permesso del titolare/concessionario,linea (media),1135,Vademecum del Pescatore 2026 - Citta Metropolitana di Torino (agg. 20/02/2026)
Torino,TO-DEP-14,concessione,Chivasso,Canale Cavour,primo tratto (D.E.P. Coutenza Canali Cavour),Diritto esclusivo di pesca / uso civico - serve permesso del titolare/concessionario,marker,,Vademecum del Pescatore 2026 - Citta Metropolitana di Torino (agg. 20/02/2026)
Torino,TO-DEP-21,concessione,Chivasso,Canale De Pretis,D.E.P. Coutenza Canali Cavour,Diritto esclusivo di pesca / uso civico - serve permesso del titolare/concessionario,marker,,Vademecum del Pescatore 2026 - Citta Metropolitana di Torino (agg. 20/02/2026)
Torino,TO-DEP-17,concessione,Coassolo Torinese,Torrente Tesso (Rio Savant e Rio Monastero),nel Comune di Coassolo (D.E.P. del Comune),Diritto esclusivo di pesca / uso civico - serve permesso del titolare/concessionario,linea (media),2627,Vademecum del Pescatore 2026 - Citta Metropolitana di Torino (agg. 20/02/2026)
Torino,TO-DEP-16,concessione,Germagnano,Torrente Stura di Lanzo,nel Comune di Germagnano non oltre S. Stefano (D.E.P. del Comune),Diritto esclusivo di pesca / uso civico - serve permesso del titolare/concessionario,marker,,Vademecum del Pescatore 2026 - Citta Metropolitana di Torino (agg. 20/02/2026)
Torino,TO-DEP-06,concessione,Ivrea,Lago Sirio,D.E.P. di privati,Diritto esclusivo di pesca / uso civico - serve permesso del titolare/concessionario,marker,,Vademecum del Pescatore 2026 - Citta Metropolitana di Torino (agg. 20/02/2026)
Torino,TO-DEP-07,concessione,Mazze,Fiume Dora Baltea,tra Pietra Mora e Rastelli di Saluggia (D.E.P. Soc. Pesca Sportiva Dora Baltea),Diritto esclusivo di pesca / uso civico - serve permesso del titolare/concessionario,marker,,Vademecum del Pescatore 2026 - Citta Metropolitana di Torino (agg. 20/02/2026)
Torino,TO-DEP-05,concessione,Montalto Dora,Lago Pistono,,Diritto esclusivo di pesca / uso civico - serve permesso del titolare/concessionario,marker,,Vademecum del Pescatore 2026 - Citta Metropolitana di Torino (agg. 20/02/2026)
Torino,TO-DEP-01,concessione,Ribordone,Torrente Ribordone,Comune di Ribordone (D.E.P. del Comune),Diritto esclusivo di pesca / uso civico - serve permesso del titolare/concessionario,linea (media),9509,Vademecum del Pescatore 2026 - Citta Metropolitana di Torino (agg. 20/02/2026)
Torino,TO-DEP-02,concessione,Ronco Canavese,"Torrenti Forzo e Guerra, Rii Comba/Lazin/Servino/Canaussa",Comune di Ronco C.se (D.E.P. del Comune),Diritto esclusivo di pesca / uso civico - serve permesso del titolare/concessionario,marker,,Vademecum del Pescatore 2026 - Citta Metropolitana di Torino (agg. 20/02/2026)
Torino,TO-DEP-13,concessione,San Raffaele Cimena,Fiume Po,riva destra fino a meta alveo per 2150 m da ex confine Gassino-San Raffaele (D.E.P. Fipsas),Diritto esclusivo di pesca / uso civico - serve permesso del titolare/concessionario,linea (media),2206,Vademecum del Pescatore 2026 - Citta Metropolitana di Torino (agg. 20/02/2026)
Torino,TO-DEP-15,concessione,Torino,Fiume Po,dallo sbocco della Dora Riparia in Torino al confine di S. Mauro T.se (D.E.P. F.I.P.S.A.S.),Diritto esclusivo di pesca / uso civico - serve permesso del titolare/concessionario,marker,,Vademecum del Pescatore 2026 - Citta Metropolitana di Torino (agg. 20/02/2026)
Torino,TO-DEP-08,concessione,Verolengo,Fiume Dora Baltea,tenuta Del Duca; dal ponte S. Anna al confine comunale (D.E.P. privati),Diritto esclusivo di pesca / uso civico - serve permesso del titolare/concessionario,marker,,Vademecum del Pescatore 2026 - Citta Metropolitana di Torino (agg. 20/02/2026)
Torino,TO-DEP-10,concessione,Verolengo,Fiume Po Rotto,dal confine Verolengo alla confluenza con Dora Baltea (D.E.P. privati),Diritto esclusivo di pesca / uso civico - serve permesso del titolare/concessionario,marker,,Vademecum del Pescatore 2026 - Citta Metropolitana di Torino (agg. 20/02/2026)
Torino,TO-DEP-20,concessione,Villafranca Piemonte,Fiume Po,"dalla confluenza Cantogno all'imboccatura bealera del Mulino (U.C. Villafranca, gestione CMTO)",Diritto esclusivo di pesca / uso civico - serve permesso del titolare/concessionario,linea (bassa),1166,Vademecum del Pescatore 2026 - Citta Metropolitana di Torino (agg. 20/02/2026)
Torino,TO-DDEP-01,ddep,,Fiume Po,"tratti in Villafranca Piemonte; Carignano (sbocco Mellea Vecchio - confine Moncalieri); dal confine Moncalieri alla confluenza Sangone; Torino (Madonna del Pilone - confluenza Dora Riparia); Castiglione T.se, San Raffaele Cimena, San Sebastiano Po, Lauriano, Verrua Savoia",Diritto Demaniale Esclusivo di Pesca (D.D.E.P.) - serve ricevuta tariffa annuale CMTO (€12/2026),intero-corso,,Vademecum del Pescatore 2026 - Citta Metropolitana di Torino (agg. 20/02/2026)
Torino,TO-DDEP-02,ddep,,Torrente Chisola,dalla Casabianca (Volvera) allo sbocco nel Po,Diritto Demaniale Esclusivo di Pesca (D.D.E.P.) - serve ricevuta tariffa annuale CMTO (€12/2026),linea (media),36238,Vademecum del Pescatore 2026 - Citta Metropolitana di Torino (agg. 20/02/2026)
Torino,TO-DDEP-03,ddep,,Torrente Banna,nel Comune di Moncalieri fino alla confluenza con il Po,Diritto Demaniale Esclusivo di Pesca (D.D.E.P.) - serve ricevuta tariffa annuale CMTO (€12/2026),linea (media),16968,Vademecum del Pescatore 2026 - Citta Metropolitana di Torino (agg. 20/02/2026)
Torino,TO-DDEP-04,ddep,,Torrente Pellice,"da Bobbio Pellice a Luserna San Giovanni; Luserna, Bricherasio, Campiglione Fenile, Bibiana, Garzigliana, Villafranca Piemonte",Diritto Demaniale Esclusivo di Pesca (D.D.E.P.) - serve ricevuta tariffa annuale CMTO (€12/2026),intero-corso,,Vademecum del Pescatore 2026 - Citta Metropolitana di Torino (agg. 20/02/2026)
Torino,TO-DDEP-05,ddep,,Torrente Angrogna,dalle origini alla confluenza con il Pellice,Diritto Demaniale Esclusivo di Pesca (D.D.E.P.) - serve ricevuta tariffa annuale CMTO (€12/2026),intero-corso,,Vademecum del Pescatore 2026 - Citta Metropolitana di Torino (agg. 20/02/2026)
Torino,TO-DDEP-06,ddep,,Torrenti Luserna - Traversero,dalle origini alle confluenze con Pellice e Luserna,Diritto Demaniale Esclusivo di Pesca (D.D.E.P.) - serve ricevuta tariffa annuale CMTO (€12/2026),intero-corso,,Vademecum del Pescatore 2026 - Citta Metropolitana di Torino (agg. 20/02/2026)
Torino,TO-DDEP-07,ddep,,Torrente Germanasca,dalle origini alla confluenza con il Chisone,Diritto Demaniale Esclusivo di Pesca (D.D.E.P.) - serve ricevuta tariffa annuale CMTO (€12/2026),linea (alta),9824,Vademecum del Pescatore 2026 - Citta Metropolitana di Torino (agg. 20/02/2026)
Torino,TO-DDEP-08,ddep,,Torrenti Faetto - Riclaretto e affluenti,dalle origini alla confluenza con il Germanasca,Diritto Demaniale Esclusivo di Pesca (D.D.E.P.) - serve ricevuta tariffa annuale CMTO (€12/2026),intero-corso,,Vademecum del Pescatore 2026 - Citta Metropolitana di Torino (agg. 20/02/2026)
Torino,TO-DDEP-09,ddep,,Torrente Chisone,"da Pragelato alla frazione Meano di Perosa Argentina; Perosa Argentina, San Secondo di Pinerolo, Garzigliana, Macello",Diritto Demaniale Esclusivo di Pesca (D.D.E.P.) - serve ricevuta tariffa annuale CMTO (€12/2026),intero-corso,,Vademecum del Pescatore 2026 - Citta Metropolitana di Torino (agg. 20/02/2026)
Torino,TO-DDEP-10,ddep,,Torrente Chisonetto,dalle origini alla confluenza con il Chisone,Diritto Demaniale Esclusivo di Pesca (D.D.E.P.) - serve ricevuta tariffa annuale CMTO (€12/2026),intero-corso,,Vademecum del Pescatore 2026 - Citta Metropolitana di Torino (agg. 20/02/2026)
Torino,TO-DDEP-12,ddep,,Torrente Sangone,"nei Comuni di Coazze, Giaveno, Trana",Diritto Demaniale Esclusivo di Pesca (D.D.E.P.) - serve ricevuta tariffa annuale CMTO (€12/2026),intero-corso,,Vademecum del Pescatore 2026 - Citta Metropolitana di Torino (agg. 20/02/2026)
Torino,TO-DDEP-13,ddep,,Fiume Dora Riparia,Salbertrand ed Exilles; da Sant'Ambrogio ad Alpignano,Diritto Demaniale Esclusivo di Pesca (D.D.E.P.) - serve ricevuta tariffa annuale CMTO (€12/2026),linea (media),9516,Vademecum del Pescatore 2026 - Citta Metropolitana di Torino (agg. 20/02/2026)
Torino,TO-DDEP-14,ddep,,Torrente Ripa,dalle origini al ponte Blaise e affluenti dx/sx nel Comune di Sauze di Cesana,Diritto Demaniale Esclusivo di Pesca (D.D.E.P.) - serve ricevuta tariffa annuale CMTO (€12/2026),linea (media),17199,Vademecum del Pescatore 2026 - Citta Metropolitana di Torino (agg. 20/02/2026)
Torino,TO-DDEP-15,ddep,,Torrente Messa,nel Comune di Rubiana,Diritto Demaniale Esclusivo di Pesca (D.D.E.P.) - serve ricevuta tariffa annuale CMTO (€12/2026),linea (media),4772,Vademecum del Pescatore 2026 - Citta Metropolitana di Torino (agg. 20/02/2026)
Torino,TO-DDEP-16,ddep,,Torrente Ceronda,tra il ponte del Violino e il ponte di Venaria,Diritto Demaniale Esclusivo di Pesca (D.D.E.P.) - serve ricevuta tariffa annuale CMTO (€12/2026),linea (media),8305,Vademecum del Pescatore 2026 - Citta Metropolitana di Torino (agg. 20/02/2026)
Torino,TO-DDEP-17,ddep,,Torrente Stura di Viu,dalle origini al bacino di Malciaussia; Malciaussia-Lemie (affluenti Nanta e Ovarda); da Lemie alla confluenza con la Stura di Ala,Diritto Demaniale Esclusivo di Pesca (D.D.E.P.) - serve ricevuta tariffa annuale CMTO (€12/2026),intero-corso,,Vademecum del Pescatore 2026 - Citta Metropolitana di Torino (agg. 20/02/2026)
Torino,TO-DDEP-18,ddep,,Torrente Stura di Lanzo,"Germagnano, Lanzo, Balangero, Mathi, Nole, Cirie, Caselle, Borgaro, Venaria",Diritto Demaniale Esclusivo di Pesca (D.D.E.P.) - serve ricevuta tariffa annuale CMTO (€12/2026),intero-corso,,Vademecum del Pescatore 2026 - Citta Metropolitana di Torino (agg. 20/02/2026)
Torino,TO-DDEP-19,ddep,,Torrente Malone,"Front, Rivarossa, Lombardore, San Benigno, Volpiano",Diritto Demaniale Esclusivo di Pesca (D.D.E.P.) - serve ricevuta tariffa annuale CMTO (€12/2026),linea (alta),11133,Vademecum del Pescatore 2026 - Citta Metropolitana di Torino (agg. 20/02/2026)
Torino,TO-DDEP-20,ddep,,Torrente Orco,"dalla diga di Ceresole al confine di Locana; Sparone e Pont C.se; da Cuorgne a Salassa; Rivarolo, Feletto, Bosconero, San Benigno",Diritto Demaniale Esclusivo di Pesca (D.D.E.P.) - serve ricevuta tariffa annuale CMTO (€12/2026),linea (media),2282,Vademecum del Pescatore 2026 - Citta Metropolitana di Torino (agg. 20/02/2026)
Torino,TO-DDEP-21,ddep,,Torrenti Soana e Pianetto,"nei Comuni di Ingria, Ronco, Valprato",Diritto Demaniale Esclusivo di Pesca (D.D.E.P.) - serve ricevuta tariffa annuale CMTO (€12/2026),intero-corso,,Vademecum del Pescatore 2026 - Citta Metropolitana di Torino (agg. 20/02/2026)
Torino,TO-DDEP-22,ddep,,Torrente Soana,da Ingria alla confluenza con il torrente Orco,Diritto Demaniale Esclusivo di Pesca (D.D.E.P.) - serve ricevuta tariffa annuale CMTO (€12/2026),linea (media),14168,Vademecum del Pescatore 2026 - Citta Metropolitana di Torino (agg. 20/02/2026)
Torino,TO-DDEP-23,ddep,,Torrenti Gallenca - Brovino - Bosone,"Canischio, Prascorsano, Cuorgne, Salassa, Valperga",Diritto Demaniale Esclusivo di Pesca (D.D.E.P.) - serve ricevuta tariffa annuale CMTO (€12/2026),intero-corso,,Vademecum del Pescatore 2026 - Citta Metropolitana di Torino (agg. 20/02/2026)
Torino,TO-DDEP-24,ddep,,Torrente Piova,dalle origini alla confluenza con il torrente Orco,Diritto Demaniale Esclusivo di Pesca (D.D.E.P.) - serve ricevuta tariffa annuale CMTO (€12/2026),intero-corso,,Vademecum del Pescatore 2026 - Citta Metropolitana di Torino (agg. 20/02/2026)
Torino,TO-DDEP-25,ddep,,Torrente Chiusella,Traversella; Issiglio e Vistrorio; da Strambinello a Pavone; Strambino,Diritto Demaniale Esclusivo di Pesca (D.D.E.P.) - serve ricevuta tariffa annuale CMTO (€12/2026),intero-corso,,Vademecum del Pescatore 2026 - Citta Metropolitana di Torino (agg. 20/02/2026)
Torino,TO-DDEP-26,ddep,,Torrente Savenca,dalle origini alla confluenza con il torrente Chiusella,Diritto Demaniale Esclusivo di Pesca (D.D.E.P.) - serve ricevuta tariffa annuale CMTO (€12/2026),intero-corso,,Vademecum del Pescatore 2026 - Citta Metropolitana di Torino (agg. 20/02/2026)
Torino,TO-DDEP-27,ddep,,Fiume Dora Baltea,"Carema, Quincinetto, Quassolo; da Quassolo a Borgomasino",Diritto Demaniale Esclusivo di Pesca (D.D.E.P.) - serve ricevuta tariffa annuale CMTO (€12/2026),linea (bassa),547,Vademecum del Pescatore 2026 - Citta Metropolitana di Torino (agg. 20/02/2026)
Torino,TO-DDEP-11,ddep,Fenestrelle,Bacino di Fenestrelle,intero bacino di Fenestrelle,Diritto Demaniale Esclusivo di Pesca (D.D.E.P.) - serve ricevuta tariffa annuale CMTO (€12/2026),marker,,Vademecum del Pescatore 2026 - Citta Metropolitana di Torino (agg. 20/02/2026)
Torino,TO-NK-01,no_kill,Ala di Stura,Torrente Stura di Ala,dal ponte del Toma a valle fino al ponte del Cresto,,linea (bassa),1426,Vademecum del Pescatore 2026 - Citta Metropolitana di Torino (agg. 20/02/2026)
Torino,TO-NK-02,no_kill,Balme,Rio Paschiet,dalla passerella Ponte Bianco (frazione Cornetti) a monte fino alla passerella della localita Pian Sale,,linea (bassa),1523,Vademecum del Pescatore 2026 - Citta Metropolitana di Torino (agg. 20/02/2026)
Torino,TO-NK-03,no_kill,Bardonecchia,Torrente Melezet,dal ponte per la localita San Sisto fino alla confluenza con il torrente Rho,,marker,,Vademecum del Pescatore 2026 - Citta Metropolitana di Torino (agg. 20/02/2026)
Torino,TO-NK-04,no_kill,Cesana Torinese,Torrente Ripa,dal ponte di via Roma fino al ponte degli impianti da sci e dal ponte di Bousson fino al ponte Blaise,,linea (bassa),2613,Vademecum del Pescatore 2026 - Citta Metropolitana di Torino (agg. 20/02/2026)
Torino,TO-NK-05,no_kill,Coazze,Torrente Sangone,dalla confluenza con il Rio Balma a valle per 1000 m,,linea (media),1051,Vademecum del Pescatore 2026 - Citta Metropolitana di Torino (agg. 20/02/2026)
Torino,TO-NK-06,no_kill,Noasca,Torrente Orco,tra la Localita del Pian (1 tornante a monte di Noasca) a valle sino al ponte di Gera,,linea (media),6564,Vademecum del Pescatore 2026 - Citta Metropolitana di Torino (agg. 20/02/2026)
Torino,TO-NK-07,no_kill,Pomaretto,Torrente Germanasca,dal ponte Masselli a valle fino alla confluenza con il Torrente Chisone,,marker,,Vademecum del Pescatore 2026 - Citta Metropolitana di Torino (agg. 20/02/2026)
Torino,TO-NKC-01,no_kill_cmto,Cesana Torinese,Torrente Dora Riparia,da localita Desert al ponte di Fenils,,linea (media),6320,Vademecum del Pescatore 2026 - Citta Metropolitana di Torino (agg. 20/02/2026)
Torino,TO-NKC-03,no_kill_cmto,Luserna San Giovanni,Torrente Pellice,dal ponte della S.P. Luserna-Rora sino al ponte Blancio per complessivi 1850 m,,linea (media),1845,Vademecum del Pescatore 2026 - Citta Metropolitana di Torino (agg. 20/02/2026)
Torino,TO-NKC-02,no_kill_cmto,Oulx,Torrente Dora di Bardonecchia,da passaggio ferroviario nel concentrico sino al ponte di Royeres,,linea (media),418,Vademecum del Pescatore 2026 - Citta Metropolitana di Torino (agg. 20/02/2026)
Torino,TO-NKC-04,no_kill_cmto,Pragelato,Torrente Chisone,da Soucheres al ponte di Traverses,,linea (media),902,Vademecum del Pescatore 2026 - Citta Metropolitana di Torino (agg. 20/02/2026)
Torino,TO-PROT-001,protezione,Ala Di Stura,Torrente Stura Di Ala,Dalla diga dell'enel a valle fino a 100 metri sotto il ponte della seggiovia,zona di protezione - divieto di pesca,linea (bassa),1803,Vademecum del Pescatore 2026 - Citta Metropolitana di Torino (agg. 20/02/2026)
Torino,TO-PROT-002,protezione,Almese,Torrente Messa,Dal ponte vecchio di almese per 300 m a monte,zona di protezione - divieto di pesca,linea (media),322,Vademecum del Pescatore 2026 - Citta Metropolitana di Torino (agg. 20/02/2026)
Torino,TO-PROT-003,protezione,Arignano,Lago Di Arignano,In tutto il lago,zona di protezione - divieto di pesca,marker,,Vademecum del Pescatore 2026 - Citta Metropolitana di Torino (agg. 20/02/2026)
Torino,TO-PROT-004,protezione,Avigliana,Lago Grande E Canale Naviglia,"Tutto il canale naviglia e i laghetti ad esso collegati, nonché il tratto di sponda del lago che si estende a destra e a sinistra della foce del canale per 110 m in direzione sud",zona di protezione - divieto di pesca,marker,,Vademecum del Pescatore 2026 - Citta Metropolitana di Torino (agg. 20/02/2026)
Torino,TO-PROT-005,protezione,Avigliana,Rio Meana E Lago Grande Rio Meana,Per tutto il suo corso e sponda del lago grande per 100 m a ovest e 15 m a est della sua foce,zona di protezione - divieto di pesca,marker,,Vademecum del Pescatore 2026 - Citta Metropolitana di Torino (agg. 20/02/2026)
Torino,TO-PROT-006,protezione,Avigliana,Lago Piccolo,Da 100 m prima della traversa che regola l'imbocco dell'emissario rio meana a 100 metri prima della foce del rio giacomino,zona di protezione - divieto di pesca,marker,,Vademecum del Pescatore 2026 - Citta Metropolitana di Torino (agg. 20/02/2026)
Torino,TO-PROT-007,protezione,Balme,Rio Paschiet,Dal ponte della frazione cornetti alla confluenza con lo stura,zona di protezione - divieto di pesca,linea (media),1523,Vademecum del Pescatore 2026 - Citta Metropolitana di Torino (agg. 20/02/2026)
Torino,TO-PROT-008,protezione,Bardonecchia,Torrente Melezet,Dalla diga delle sette fontane a valle fino al ponte detto di quartara o dei cavalli,zona di protezione - divieto di pesca,marker,,Vademecum del Pescatore 2026 - Citta Metropolitana di Torino (agg. 20/02/2026)
Torino,TO-PROT-009,protezione,Bobbio Pellice,Torrente Guicciard,Dal ponte della gianna a valle fino al ponte delle selle,zona di protezione - divieto di pesca,marker,,Vademecum del Pescatore 2026 - Citta Metropolitana di Torino (agg. 20/02/2026)
Torino,TO-PROT-010,protezione,Borgaro-Torino,Lago Di Villaretto Lago Di Villaretto (Lago Del Pescatore),,zona di protezione - divieto di pesca,marker,,Vademecum del Pescatore 2026 - Citta Metropolitana di Torino (agg. 20/02/2026)
Torino,TO-PROT-011,protezione,Bosconero,Fontanile Del Ghiareto,Dalla lanca di pompaggio a valle fino alla confluenza con l'orco,zona di protezione - divieto di pesca,marker,,Vademecum del Pescatore 2026 - Citta Metropolitana di Torino (agg. 20/02/2026)
Torino,TO-PROT-012,protezione,Brusasco - Cavagnolo,Laghi Degli Aironi,"I tre laghi denominati ""i laghi degli aironi"", su sponda destra orografica del po",zona di protezione - divieto di pesca,marker,,Vademecum del Pescatore 2026 - Citta Metropolitana di Torino (agg. 20/02/2026)
Torino,TO-PROT-013,protezione,Cafasse,Bealera Di Fiano,Dalle opere di presa a valle sino alle paratoie di biforcazione,zona di protezione - divieto di pesca,marker,,Vademecum del Pescatore 2026 - Citta Metropolitana di Torino (agg. 20/02/2026)
Torino,TO-PROT-014,protezione,Candia Canavese,Lago Di Candia,Nelle aree della palude e della paludetta nonché nel canale traversaro (tratto dalle origini al ponte di via vische),zona di protezione - divieto di pesca,marker,,Vademecum del Pescatore 2026 - Citta Metropolitana di Torino (agg. 20/02/2026)
Torino,TO-PROT-015,protezione,Cantoira,Sorgente,In frazione balme per tutto il suo corso,zona di protezione - divieto di pesca,marker,,Vademecum del Pescatore 2026 - Citta Metropolitana di Torino (agg. 20/02/2026)
Torino,TO-PROT-016,protezione,Cantoira-Ceres,Stura Di Valgrande,Dall'opera di presa di cantoira a valle sino alla confluenza con lo stura di ala,zona di protezione - divieto di pesca,linea (media),6070,Vademecum del Pescatore 2026 - Citta Metropolitana di Torino (agg. 20/02/2026)
Torino,TO-PROT-017,protezione,Carignano,Fiume Po Laghetto Con Immissario Ed Emissario E,Tratto di fiume scorrente nell'area denominata garettino,zona di protezione - divieto di pesca,marker,,Vademecum del Pescatore 2026 - Citta Metropolitana di Torino (agg. 20/02/2026)
Torino,TO-PROT-018,protezione,Carignano- Carmagnola,Lanca Po Cit (Rio Corno),Tratto dalla confluenza con il torrente meletta a monte per 1000 m (zona cascina betlemme),zona di protezione - divieto di pesca,linea (media),1025,Vademecum del Pescatore 2026 - Citta Metropolitana di Torino (agg. 20/02/2026)
Torino,TO-PROT-019,protezione,Carmagnola,Fiume Po,50 m a monte e 50 m a valle dello sbocco della lanca di san michele,zona di protezione - divieto di pesca,linea (bassa),101,Vademecum del Pescatore 2026 - Citta Metropolitana di Torino (agg. 20/02/2026)
Torino,TO-PROT-020,protezione,Carmagnola,Torrente Maira,Nel tratto compreso tra il ponte della s.p. poirino- pinerolo e confluenza con il po,zona di protezione - divieto di pesca,linea (media),937,Vademecum del Pescatore 2026 - Citta Metropolitana di Torino (agg. 20/02/2026)
Torino,TO-PROT-021,protezione,Carmagnola,Lanca Del Ceretto Lanca Del Ceretto,,zona di protezione - divieto di pesca,marker,,Vademecum del Pescatore 2026 - Citta Metropolitana di Torino (agg. 20/02/2026)
Torino,TO-PROT-022,protezione,Castellamonte,Roggia Dei Molini,Dalle origini in località spineto fino alla confluenza con il canale di caluso,zona di protezione - divieto di pesca,marker,,Vademecum del Pescatore 2026 - Citta Metropolitana di Torino (agg. 20/02/2026)
Torino,TO-PROT-023,protezione,Castellamonte- Cuorgnè,Torrente Orco,Tratto in regione spineto da confluenza con il torrente piova fino a 300 m a valle della presa canale di caluso,zona di protezione - divieto di pesca,linea (bassa),1626,Vademecum del Pescatore 2026 - Citta Metropolitana di Torino (agg. 20/02/2026)
Torino,TO-PROT-024,protezione,Castelnuovo Nigra,Torrente Piova,Tratto dal ponte romano per 600 m a valle,zona di protezione - divieto di pesca,linea (media),653,Vademecum del Pescatore 2026 - Citta Metropolitana di Torino (agg. 20/02/2026)
Torino,TO-PROT-025,protezione,Ceres,Torrente Stura Di Ala,Dalla foce del rio crosiasse alla foce del rio ciamnet 26,zona di protezione - divieto di pesca,linea (bassa),7454,Vademecum del Pescatore 2026 - Citta Metropolitana di Torino (agg. 20/02/2026)
Torino,TO-PROT-026,protezione,Ceres,Torrente Stura Di Ala,Dall'opera di presa di almesio nell’omonima frazione a valle fino allla confluenza con lo stura di valgrande,zona di protezione - divieto di pesca,linea (media),2604,Vademecum del Pescatore 2026 - Citta Metropolitana di Torino (agg. 20/02/2026)
Torino,TO-PROT-027,protezione,Ceresole Reale,Torrente Orco,Dal confine con il parco nazionale gran paradiso sino alla confluenza con il bacino di ceresole reale,zona di protezione - divieto di pesca,marker,,Vademecum del Pescatore 2026 - Citta Metropolitana di Torino (agg. 20/02/2026)
Torino,TO-PROT-028,protezione,Ceresole Reale,Lago Di Ceresole Sponda Sx,Per circa 400 m a monte della diga,zona di protezione - divieto di pesca,marker,,Vademecum del Pescatore 2026 - Citta Metropolitana di Torino (agg. 20/02/2026)
Torino,TO-PROT-029,protezione,Ceresole Reale,Torrente Orco,Dall’imbocco della piattaforma dell’elisoccorso a valle fino in prossimità della sbarra di chiusura della ex ss460,zona di protezione - divieto di pesca,marker,,Vademecum del Pescatore 2026 - Citta Metropolitana di Torino (agg. 20/02/2026)
Torino,TO-PROT-030,protezione,Ceresole Reale,Lago Di Ceresole Sponda Destra Orografica,Dalla diga al ponte borgata villa,zona di protezione - divieto di pesca,marker,,Vademecum del Pescatore 2026 - Citta Metropolitana di Torino (agg. 20/02/2026)
Torino,TO-PROT-031,protezione,Cesana Torinese,Torrente Ripa,Dal ponte di via roma a cesana capoluogo a valle sino alla confluenza con il rio manet,zona di protezione - divieto di pesca,linea (bassa),335,Vademecum del Pescatore 2026 - Citta Metropolitana di Torino (agg. 20/02/2026)
Torino,TO-PROT-032,protezione,Chialamberto,Torrente Stura Di Val Grande,Dal ponte per cossiglia a valle per 50 m,zona di protezione - divieto di pesca,linea (media),38,Vademecum del Pescatore 2026 - Citta Metropolitana di Torino (agg. 20/02/2026)
Torino,TO-PROT-033,protezione,Chialamberto,Torrente Stura Di Val Grande,Dal ponte della fraz. gabbi a valle per 50 m,zona di protezione - divieto di pesca,linea (media),38,Vademecum del Pescatore 2026 - Citta Metropolitana di Torino (agg. 20/02/2026)
Torino,TO-PROT-034,protezione,Chivasso,Torrente Orco,Nel tratto scorrente dal ponte dell'autostrada to-mi a monte per 500 m,zona di protezione - divieto di pesca,linea (media),480,Vademecum del Pescatore 2026 - Citta Metropolitana di Torino (agg. 20/02/2026)
Torino,TO-PROT-035,protezione,Coazze,Rio Della Balma,Da quota 1600 m alla confluenza con il sangone,zona di protezione - divieto di pesca,linea (bassa),1437,Vademecum del Pescatore 2026 - Citta Metropolitana di Torino (agg. 20/02/2026)
Torino,TO-PROT-036,protezione,Colleretto- Castelnuovo,Torrente Piova,Tratto in località cintano a monte per 400 m,zona di protezione - divieto di pesca,linea (bassa),406,Vademecum del Pescatore 2026 - Citta Metropolitana di Torino (agg. 20/02/2026)
Torino,TO-PROT-037,protezione,Condove-Chiusa S. Michele,Dora Riparia,Tratto compreso tra il ponte della ferrovia in localita cave di caprie e il ponte dora sulla s.p. 200,zona di protezione - divieto di pesca,marker,,Vademecum del Pescatore 2026 - Citta Metropolitana di Torino (agg. 20/02/2026)
Torino,TO-PROT-038,protezione,Cuorgnè,Torrente Orco,Da 400 m a monte del ponte del pedaggio fino a 130 m a valle dello stesso,zona di protezione - divieto di pesca,linea (media),515,Vademecum del Pescatore 2026 - Citta Metropolitana di Torino (agg. 20/02/2026)
Torino,TO-PROT-039,protezione,Cuorgnè,Canale Ex Manifattura,Per tutto il suo corso,zona di protezione - divieto di pesca,marker,,Vademecum del Pescatore 2026 - Citta Metropolitana di Torino (agg. 20/02/2026)
Torino,TO-PROT-040,protezione,Druento,Torrente Ceronda,"Tratto scorrente all'interno del pr ""la mandria"" dal ponte della bizzarria al ponte del violino",zona di protezione - divieto di pesca,linea (media),2841,Vademecum del Pescatore 2026 - Citta Metropolitana di Torino (agg. 20/02/2026)
Torino,TO-PROT-041,protezione,Fenestrelle,Torrente Chisone,"Tratto delimitato dai ponti della ""spiaggetta"" e del “campeggio”",zona di protezione - divieto di pesca,linea (media),697,Vademecum del Pescatore 2026 - Citta Metropolitana di Torino (agg. 20/02/2026)
Torino,TO-PROT-042,protezione,Giaveno,Torrente Ollasio,Dall'ospedale al ponte del parco comunale,zona di protezione - divieto di pesca,linea (media),199,Vademecum del Pescatore 2026 - Citta Metropolitana di Torino (agg. 20/02/2026)
Torino,TO-PROT-043,protezione,Groscavallo,Sorgente,In frazione pialpetta per tutto il suo corso,zona di protezione - divieto di pesca,marker,,Vademecum del Pescatore 2026 - Citta Metropolitana di Torino (agg. 20/02/2026)
Torino,TO-PROT-044,protezione,Groscavallo,Torrente Stura Di Valgrande,Dal ponte di pialpetta a valle fino al ponte di migliere,zona di protezione - divieto di pesca,marker,,Vademecum del Pescatore 2026 - Citta Metropolitana di Torino (agg. 20/02/2026)
Torino,TO-PROT-045,protezione,Ivrea,Roggia Pianezza,Tratto lungo via dei cappuccini dal ponte per l’entrata all’azienda energetica e gas società cooperativa a valle sino alla regione campasso,zona di protezione - divieto di pesca,marker,,Vademecum del Pescatore 2026 - Citta Metropolitana di Torino (agg. 20/02/2026)
Torino,TO-PROT-046,protezione,Ivrea-Albiano D'Ivrea,Naviglio D’Ivrea,Dal ponte di via dei cappuccini in comune di ivrea a valle sino al ponte della sp 80 in comune di albiano d'ivrea,zona di protezione - divieto di pesca,marker,,Vademecum del Pescatore 2026 - Citta Metropolitana di Torino (agg. 20/02/2026)
Torino,TO-PROT-047,protezione,La Cassa,Torrente Ceronda,A monte (per 500 m circa) dello sbarramento presso cascina s. ida sia sul torrente che sul suo braccio laterale,zona di protezione - divieto di pesca,marker,,Vademecum del Pescatore 2026 - Citta Metropolitana di Torino (agg. 20/02/2026)
Torino,TO-PROT-048,protezione,La Loggia,Fiume Po,Dalla diga di la loggia a monte per 100 m sulla sponda destra orografica,zona di protezione - divieto di pesca,linea (media),140,Vademecum del Pescatore 2026 - Citta Metropolitana di Torino (agg. 20/02/2026)
Torino,TO-PROT-049,protezione,La Loggia,Fiume Po,Per un tratto di 400 m a valle delle opere di sbarramento della centrale,zona di protezione - divieto di pesca,linea (media),443,Vademecum del Pescatore 2026 - Citta Metropolitana di Torino (agg. 20/02/2026)
Torino,TO-PROT-050,protezione,Lanzo Torinese,Canale Colombaro Dallo Sbocco Del Canale,Fino alla confluenza con la stura di lanzo,zona di protezione - divieto di pesca,marker,,Vademecum del Pescatore 2026 - Citta Metropolitana di Torino (agg. 20/02/2026)
Torino,TO-PROT-051,protezione,Lanzo Torinese,Canale Riva Destra,Dalla presa del canale riva destra a valle sino allo sfioratore,zona di protezione - divieto di pesca,marker,,Vademecum del Pescatore 2026 - Citta Metropolitana di Torino (agg. 20/02/2026)
Torino,TO-PROT-052,protezione,Lanzo Torinese,Torrente Stura,"Dal ponte del diavolo alle ""rucasse""",zona di protezione - divieto di pesca,linea (bassa),3275,Vademecum del Pescatore 2026 - Citta Metropolitana di Torino (agg. 20/02/2026)
Torino,TO-PROT-053,protezione,Lemie,Torrente Stura Di Viù,Dalla zona denominata duemie fino a 10 m a monte del ponte degli olmetti 27,zona di protezione - divieto di pesca,linea (bassa),1341,Vademecum del Pescatore 2026 - Citta Metropolitana di Torino (agg. 20/02/2026)
Torino,TO-PROT-054,protezione,Levone Canavese,Torrente Levona,Dal ponte delle fornaci a valle fino al ponte sulla strada comunale per rivara,zona di protezione - divieto di pesca,marker,,Vademecum del Pescatore 2026 - Citta Metropolitana di Torino (agg. 20/02/2026)
Torino,TO-PROT-055,protezione,Locana-Sparone,Torrente Orco,Dall’opera di presa in località bardonetto (locana) a valle sino al ponte per la località piani a sparone,zona di protezione - divieto di pesca,linea (media),2282,Vademecum del Pescatore 2026 - Citta Metropolitana di Torino (agg. 20/02/2026)
Torino,TO-PROT-056,protezione,Luserna San Giovanni,Torrente Pellice,Dal ponte della s.p. luserna-rorà a valle per 100 m,zona di protezione - divieto di pesca,linea (media),130,Vademecum del Pescatore 2026 - Citta Metropolitana di Torino (agg. 20/02/2026)
Torino,TO-PROT-057,protezione,Luserna San Giovanni,Bealera Del Bersaglio,In località bersaglio nel tratto compreso fra il pozzo dell'acquedotto comunale ed il canale di pralafera,zona di protezione - divieto di pesca,marker,,Vademecum del Pescatore 2026 - Citta Metropolitana di Torino (agg. 20/02/2026)
Torino,TO-PROT-058,protezione,Massello,Germanasca di Massello,In prossimità della borgata piccolo passet fino al ponte della s.p. 169 in località centrale,zona di protezione - divieto di pesca,linea (media),3361,Vademecum del Pescatore 2026 - Citta Metropolitana di Torino (agg. 20/02/2026)
Torino,TO-PROT-059,protezione,Mattie,Bealera Sagne Dei Giordani,Dalla sorgente nel boschetto in località giordani fino alla confluenza con il rio gerardo,zona di protezione - divieto di pesca,marker,,Vademecum del Pescatore 2026 - Citta Metropolitana di Torino (agg. 20/02/2026)
Torino,TO-PROT-060,protezione,Mazzè-Rondissone- Torrazza P.Te,Canale Natta,Dalle origini a valle sino alla s.p. 89 torrazza- saluggia,zona di protezione - divieto di pesca,linea (media),4587,Vademecum del Pescatore 2026 - Citta Metropolitana di Torino (agg. 20/02/2026)
Torino,TO-PROT-061,protezione,Moncalieri,Fiume Po Laghetto Con Emissario E Immissario Adiacente La Sponda Orografica Dx Del Po Presso La A.F.V. “La Gorra” E Sponda Orografica Destra Del Po Compresa,,zona di protezione - divieto di pesca,marker,,Vademecum del Pescatore 2026 - Citta Metropolitana di Torino (agg. 20/02/2026)
Torino,TO-PROT-062,protezione,Moncalieri,Fiume Po,Tratto scorrente dal ponte della ferrovia fino a 30 m a valle del ponte vecchio,zona di protezione - divieto di pesca,marker,,Vademecum del Pescatore 2026 - Citta Metropolitana di Torino (agg. 20/02/2026)
Torino,TO-PROT-063,protezione,Noasca,Risorgiva Risorgiva,In frazione pra,zona di protezione - divieto di pesca,marker,,Vademecum del Pescatore 2026 - Citta Metropolitana di Torino (agg. 20/02/2026)
Torino,TO-PROT-064,protezione,Nole-Ciriè,Torrente Ronello,"Da risorgiva ""fontane cup"" nel territorio del parco la mandria fino a confluenza con la stura di lanzo",zona di protezione - divieto di pesca,linea (alta),3636,Vademecum del Pescatore 2026 - Citta Metropolitana di Torino (agg. 20/02/2026)
Torino,TO-PROT-065,protezione,Oulx,"Lago Borello, Rio Villaretto E Altre Acque Acque Interne Al Sic It1110022 Eccettuato Il Laghetto Di Pesca Sportiva Esistente",,zona di protezione - divieto di pesca,marker,,Vademecum del Pescatore 2026 - Citta Metropolitana di Torino (agg. 20/02/2026)
Torino,TO-PROT-066,protezione,Oulx,Emissario Lago Borello,Tutto il corso,zona di protezione - divieto di pesca,marker,,Vademecum del Pescatore 2026 - Citta Metropolitana di Torino (agg. 20/02/2026)
Torino,TO-PROT-067,protezione,Pancalieri,Rio Del Mulino,Tratto scorrente all'interno del parco comunale dal campo sportivo fino alla proprietà clara per 1 km,zona di protezione - divieto di pesca,marker,,Vademecum del Pescatore 2026 - Citta Metropolitana di Torino (agg. 20/02/2026)
Torino,TO-PROT-068,protezione,Parella,Torrente Chiusella,Tratto dall'imbocco della roggia cartiera (avio) per 300 m a monte e 50 m a valle,zona di protezione - divieto di pesca,linea (media),399,Vademecum del Pescatore 2026 - Citta Metropolitana di Torino (agg. 20/02/2026)
Torino,TO-PROT-069,protezione,Perosa Argentina,Torrente Chisone,Per 50 metri a monte della zona pesca turistica,zona di protezione - divieto di pesca,linea (bassa),59,Vademecum del Pescatore 2026 - Citta Metropolitana di Torino (agg. 20/02/2026)
Torino,TO-PROT-070,protezione,Perosa Argentina,Torrente Chisone Dallo Sbarramento Del Contonificio,Fino alla confluenza con il germanasca,zona di protezione - divieto di pesca,marker,,Vademecum del Pescatore 2026 - Citta Metropolitana di Torino (agg. 20/02/2026)
Torino,TO-PROT-071,protezione,Perrero,Bealera Di Perrero,Nel tratto scorrente in località siberia dalla sp per 400 m a valle e canale di fronte all'incubatoio ittico,zona di protezione - divieto di pesca,marker,,Vademecum del Pescatore 2026 - Citta Metropolitana di Torino (agg. 20/02/2026)
Torino,TO-PROT-072,protezione,Pessinetto,Torrente Stura,Dal ponte della ferrovia presso l'ex-cotonificio a valle fino al ponte della ferrovia presso il cimitero,zona di protezione - divieto di pesca,linea (media),1571,Vademecum del Pescatore 2026 - Citta Metropolitana di Torino (agg. 20/02/2026)
Torino,TO-PROT-073,protezione,Pinasca,Rio Di Grandubbione,Dalla confluenza in chisone fino alla seconda briglia a monte della sp23,zona di protezione - divieto di pesca,marker,,Vademecum del Pescatore 2026 - Citta Metropolitana di Torino (agg. 20/02/2026)
Torino,TO-PROT-074,protezione,Piobesi,Canale Chisoletta,Dalle paratoie sul torrente chisola al ponte della s.p. none-piobesi,zona di protezione - divieto di pesca,linea (bassa),2955,Vademecum del Pescatore 2026 - Citta Metropolitana di Torino (agg. 20/02/2026)
Torino,TO-PROT-075,protezione,Piobesi,Rio Essa,Dalle paratoie in località devesio-pruise a monte per 300 m,zona di protezione - divieto di pesca,linea (bassa),326,Vademecum del Pescatore 2026 - Citta Metropolitana di Torino (agg. 20/02/2026)
Torino,TO-PROT-076,protezione,Pomaretto,Torrente Germanasca,Per 50 metri a monte del confine della znk,zona di protezione - divieto di pesca,linea (bassa),48,Vademecum del Pescatore 2026 - Citta Metropolitana di Torino (agg. 20/02/2026)
Torino,TO-PROT-077,protezione,Pont Canavese,Torrente Orco,Dal canale genisio a monte sino alla confluenza della roggia ex-allevamento ittico fariano,zona di protezione - divieto di pesca,linea (bassa),2792,Vademecum del Pescatore 2026 - Citta Metropolitana di Torino (agg. 20/02/2026)
Torino,TO-PROT-078,protezione,Pont Canavese,Torrente Orco (Canale Genisio),Tratto scorrente dalla paratoia in località oltreorco per tutto il suo corso,zona di protezione - divieto di pesca,marker,,Vademecum del Pescatore 2026 - Citta Metropolitana di Torino (agg. 20/02/2026)
Torino,TO-PROT-079,protezione,Pont Canavese,Torrente Soana,"Dalla ditta genisio bernardo sino al ponte dell'asilo, compresa la vasca a servizio dell'impianto genisio 28",zona di protezione - divieto di pesca,linea (bassa),84,Vademecum del Pescatore 2026 - Citta Metropolitana di Torino (agg. 20/02/2026)
Torino,TO-PROT-080,protezione,Pont Canavese,Roggia Del Mulino,"Da s.p. pont canavese-sparone, in località deiro, a valle fino alla confluenza con l'orco",zona di protezione - divieto di pesca,marker,,Vademecum del Pescatore 2026 - Citta Metropolitana di Torino (agg. 20/02/2026)
Torino,TO-PROT-081,protezione,Porte,Scaricatore Centrale Di Malanaggio,Dalla centrale fino allo sbocco in chisone,zona di protezione - divieto di pesca,marker,,Vademecum del Pescatore 2026 - Citta Metropolitana di Torino (agg. 20/02/2026)
Torino,TO-PROT-082,protezione,Porte,Canale Di Porte,Da ponte palestro a valle fino al ponte di strada s. martino,zona di protezione - divieto di pesca,marker,,Vademecum del Pescatore 2026 - Citta Metropolitana di Torino (agg. 20/02/2026)
Torino,TO-PROT-083,protezione,Pragelato,Torrente Chisone,"Tratto scorrente nel parco della val troncea tra la briglia in località lendeniera fino al ponte della tuccia, compreso il laghetto in sponda destra",zona di protezione - divieto di pesca,linea (bassa),2746,Vademecum del Pescatore 2026 - Citta Metropolitana di Torino (agg. 20/02/2026)
Torino,TO-PROT-084,protezione,Prali,Lago Verde Lago Verde,,zona di protezione - divieto di pesca,marker,,Vademecum del Pescatore 2026 - Citta Metropolitana di Torino (agg. 20/02/2026)
Torino,TO-PROT-085,protezione,Prarostino-San Germano Chisone,Rio Turina,Dal muro della diga in località san bartolomeo a valle sino alla confluenza con il torrente chisone,zona di protezione - divieto di pesca,marker,,Vademecum del Pescatore 2026 - Citta Metropolitana di Torino (agg. 20/02/2026)
Torino,TO-PROT-086,protezione,Quincinetto,Roggia Montellina,Dal “troppo pieno” dell'acquedotto fino a 200 m a valle dell'incubatoio ittico provinciale in località montellina,zona di protezione - divieto di pesca,marker,,Vademecum del Pescatore 2026 - Citta Metropolitana di Torino (agg. 20/02/2026)
Torino,TO-PROT-087,protezione,Rivarolo,Roggia Vesignano,Da 400 m a monte della ditta gribaldi sino alla ditta stessa,zona di protezione - divieto di pesca,marker,,Vademecum del Pescatore 2026 - Citta Metropolitana di Torino (agg. 20/02/2026)
Torino,TO-PROT-088,protezione,San Colombano Belmonte,Torrente Gallenca,Tratto compreso tra il ponte della s.p. prascorsano- cuorgnè fino alla dighetta in località buasca,zona di protezione - divieto di pesca,linea (bassa),3143,Vademecum del Pescatore 2026 - Citta Metropolitana di Torino (agg. 20/02/2026)
Torino,TO-PROT-089,protezione,San Germano Chisone,Risorgiva (Sentiero Bianco),Dal ponte sul sentiero bianco fino alla confluenza in chisone,zona di protezione - divieto di pesca,marker,,Vademecum del Pescatore 2026 - Citta Metropolitana di Torino (agg. 20/02/2026)
Torino,TO-PROT-090,protezione,San Germano Chisone,Torrente Risigliardo,Dal ponte della sp166 a valle fino alla confluenza in chisone,zona di protezione - divieto di pesca,marker,,Vademecum del Pescatore 2026 - Citta Metropolitana di Torino (agg. 20/02/2026)
Torino,TO-PROT-091,protezione,San Giorgio Canavese,Roggia Di San Giorgio,Dal ponte di via per ozegna al ponte di via san martino,zona di protezione - divieto di pesca,marker,,Vademecum del Pescatore 2026 - Citta Metropolitana di Torino (agg. 20/02/2026)
Torino,TO-PROT-092,protezione,San Giorgio Canavese,Torrente Malesina,Dalla confluenza della roggia di san giorgio con il malesina fino alla diga della presa della roggia di san giusto in località gallo,zona di protezione - divieto di pesca,linea (media),3296,Vademecum del Pescatore 2026 - Citta Metropolitana di Torino (agg. 20/02/2026)
Torino,TO-PROT-093,protezione,San Giorgio Canavese,Roggia Del Mulino,Dal ponte di via garibaldi al ponte di via san martino,zona di protezione - divieto di pesca,marker,,Vademecum del Pescatore 2026 - Citta Metropolitana di Torino (agg. 20/02/2026)
Torino,TO-PROT-094,protezione,San Giusto - Foglizzo,Roggia Del Mulino,"Dalla presa della roggia in località cascina gallo a valle per tutto il corso, fino alla confluenza con il malesina in loc. cascina miglio",zona di protezione - divieto di pesca,marker,,Vademecum del Pescatore 2026 - Citta Metropolitana di Torino (agg. 20/02/2026)
Torino,TO-PROT-095,protezione,San Secondo Di Pinerolo,Canale Colombini,"Dalle origini a valle sino alla centrale, scaricatori compresi",zona di protezione - divieto di pesca,marker,,Vademecum del Pescatore 2026 - Citta Metropolitana di Torino (agg. 20/02/2026)
Torino,TO-PROT-096,protezione,Sauze Di Cesana,Torrente Ripa,Tratto compreso tra il ponte blaize e il ponte terribile,zona di protezione - divieto di pesca,linea (bassa),452,Vademecum del Pescatore 2026 - Citta Metropolitana di Torino (agg. 20/02/2026)
Torino,TO-PROT-097,protezione,Torino,Laghetti Parco Colonnetti Laghetti Del Parco Colonnetti,,zona di protezione - divieto di pesca,marker,,Vademecum del Pescatore 2026 - Citta Metropolitana di Torino (agg. 20/02/2026)
Torino,TO-PROT-098,protezione,Torino,Torrente Stura Dallo Sbarramento A Protezione Del Ponte Di Corso Giulio Cesare,A valle per 700 m,zona di protezione - divieto di pesca,marker,,Vademecum del Pescatore 2026 - Citta Metropolitana di Torino (agg. 20/02/2026)
Torino,TO-PROT-099,protezione,Torino,Torrente Stura,Dal ponte amedeo viii a valle in sponda sx orografica fino a confluenza con il po ed a monte per 500 m,zona di protezione - divieto di pesca,linea (media),3971,Vademecum del Pescatore 2026 - Citta Metropolitana di Torino (agg. 20/02/2026)
Torino,TO-PROT-100,protezione,Torino,Laghetto Della Falchera Laghetto Situato A Nord Dell'Istmo Che Separa I Due Laghi,,zona di protezione - divieto di pesca,marker,,Vademecum del Pescatore 2026 - Citta Metropolitana di Torino (agg. 20/02/2026)
Torino,TO-PROT-101,protezione,Torino,"Laghetti ""Pellerina"" Laghetti Del Parco Della ""Pellerina""",,zona di protezione - divieto di pesca,marker,,Vademecum del Pescatore 2026 - Citta Metropolitana di Torino (agg. 20/02/2026)
Torino,TO-PROT-102,protezione,Torre Pellice,Torrente Pellice,Dal ponte blancio a monte per 100 m,zona di protezione - divieto di pesca,linea (media),101,Vademecum del Pescatore 2026 - Citta Metropolitana di Torino (agg. 20/02/2026)
Torino,TO-PROT-103,protezione,Trana-Avigliana,Rio Grosso O Naviglia Di Trana,Tratto di 1000 m a monte della passerella pedonale in ferro dell'area attrezzata fipsas,zona di protezione - divieto di pesca,marker,,Vademecum del Pescatore 2026 - Citta Metropolitana di Torino (agg. 20/02/2026)
Torino,TO-PROT-104,protezione,Trana-Giaveno,Risorgiva Murga,"Dalle origini in comune di giaveno, presso i confini comunali, fino alla confluenza con il rio ollasio",zona di protezione - divieto di pesca,marker,,Vademecum del Pescatore 2026 - Citta Metropolitana di Torino (agg. 20/02/2026)
Torino,TO-PROT-105,protezione,Trausella (Valchiusa),Torrente Chiusella,Dal ponte di ferro di trausella a valle per 200 m,zona di protezione - divieto di pesca,linea (media),352,Vademecum del Pescatore 2026 - Citta Metropolitana di Torino (agg. 20/02/2026)
Torino,TO-PROT-106,protezione,Traversella,Torrente Chiusella,Tratto in località fondo dal ponte romano per 200 m a valle e 200 m a monte 29,zona di protezione - divieto di pesca,linea (media),356,Vademecum del Pescatore 2026 - Citta Metropolitana di Torino (agg. 20/02/2026)
Torino,TO-PROT-107,protezione,Usseaux,Torrente Chisone Bacino Di Pourrières -,Su tutte le opere in calcestruzzo costituenti il corpo diga,zona di protezione - divieto di pesca,marker,,Vademecum del Pescatore 2026 - Citta Metropolitana di Torino (agg. 20/02/2026)
Torino,TO-PROT-108,protezione,Val Di Chy,Lago Di Alice Lago Di Alice,,zona di protezione - divieto di pesca,marker,,Vademecum del Pescatore 2026 - Citta Metropolitana di Torino (agg. 20/02/2026)
Torino,TO-PROT-109,protezione,Venaria Reale,Torrente Ceronda,Dal ponte verde per 300 m a valle e 300 m a monte,zona di protezione - divieto di pesca,linea (media),682,Vademecum del Pescatore 2026 - Citta Metropolitana di Torino (agg. 20/02/2026)
Torino,TO-PROT-110,protezione,Venaria Reale,Rio Valsoglia,Tratto scorrente all'interno della tenuta la mandria,zona di protezione - divieto di pesca,marker,,Vademecum del Pescatore 2026 - Citta Metropolitana di Torino (agg. 20/02/2026)
Torino,TO-PROT-111,protezione,Villafranca Piemonte,Torrente Pellice,Dal ponte della s.p. 139 a valle per 500 m,zona di protezione - divieto di pesca,linea (media),514,Vademecum del Pescatore 2026 - Citta Metropolitana di Torino (agg. 20/02/2026)
Torino,TO-PROT-112,protezione,Villafranca Piemonte,Risorgiva Martinetto,Dall'origine con la risorgiva del mulino in comune di villafranca al ponte villafranca-moretta,zona di protezione - divieto di pesca,marker,,Vademecum del Pescatore 2026 - Citta Metropolitana di Torino (agg. 20/02/2026)
Torino,TO-PROT-113,protezione,Villar Pellice,Comba Tournau,Dalla cascata sita a quota 1600 metri circa fino alla confluenza con il torrente guicciard per un tratto di 2700 m,zona di protezione - divieto di pesca,marker,,Vademecum del Pescatore 2026 - Citta Metropolitana di Torino (agg. 20/02/2026)
Torino,TO-PROT-114,protezione,Villar Pellice,Torrente Pellice,Dal ponte delle rovine a valle sino al ponte cro,zona di protezione - divieto di pesca,linea (media),951,Vademecum del Pescatore 2026 - Citta Metropolitana di Torino (agg. 20/02/2026)
Torino,TO-PROT-115,protezione,Villar Pellice,Torrente Liussa,Dal ponte di pietra a 700 m s.l.m. a valle sino alla confluenza con il torrente pellice,zona di protezione - divieto di pesca,marker,,Vademecum del Pescatore 2026 - Citta Metropolitana di Torino (agg. 20/02/2026)
Torino,TO-PROT-116,protezione,Vistrorio,Torrente Chiusella,Tratto dal ponte della provinciale vistrorio - vidracco a monte fino alla confluenza con il savenca,zona di protezione - divieto di pesca,linea (bassa),1623,Vademecum del Pescatore 2026 - Citta Metropolitana di Torino (agg. 20/02/2026)
Torino,TO-PROT-117,protezione,Viù,Torrente Stura Di Viù Località Fucine - Dallo Sbarramento Enel,A monte fino allo scaricatore n. 5,zona di protezione - divieto di pesca,marker,,Vademecum del Pescatore 2026 - Citta Metropolitana di Torino (agg. 20/02/2026)
Torino,TO-PROT-118,protezione,Viù,Torrente Viana Località Fucine -,Dalla confluenza con il torrente stura fino al ponte venera 30,zona di protezione - divieto di pesca,marker,,Vademecum del Pescatore 2026 - Citta Metropolitana di Torino (agg. 20/02/2026)
Torino,TO-SALM-02,salmonicola,,Torrente Cantogno,Torrente Cantogno e suoi affluenti e defluenti per tutto il loro corso ,acque salmonicole,linea (alta),9624,Vademecum del Pescatore 2026 - Citta Metropolitana di Torino (agg. 20/02/2026)
Torino,TO-SALM-03,salmonicola,,Torrente Ceronda,Torrente Ceronda e suoi affluenti dalle origini al Ponte di Baratonia in Comune di Fiano ,acque salmonicole,intero-corso,,Vademecum del Pescatore 2026 - Citta Metropolitana di Torino (agg. 20/02/2026)
Torino,TO-SALM-04,salmonicola,,Torrente Chiamogna,Torrente Chiamogna e suoi affluenti e defluenti dalle origini al ponte sulla Strada Provinciale di Pinerolo-Torre Pellice ,acque salmonicole,linea (media),4846,Vademecum del Pescatore 2026 - Citta Metropolitana di Torino (agg. 20/02/2026)
Torino,TO-SALM-05,salmonicola,,Torrente Chisola,Torrente Chisola e suoi affluenti e defluenti dalle origini fino a tutto il territorio del Comune di Cumiana ,acque salmonicole,linea (media),19488,Vademecum del Pescatore 2026 - Citta Metropolitana di Torino (agg. 20/02/2026)
Torino,TO-SALM-06,salmonicola,,Torrente Chisone,Torrente Chisone e suoi affluenti dalle origini alla confluenza con il torrente Pellice ,acque salmonicole,linea (media),45860,Vademecum del Pescatore 2026 - Citta Metropolitana di Torino (agg. 20/02/2026)
Torino,TO-SALM-07,salmonicola,,Torrente Chiusella,Torrente Chiusella e suoi affluenti e defluenti dalle origini al ponte di Colleretto Giacosasa-Pranzalito per tutto il loro corso ,acque salmonicole,intero-corso,,Vademecum del Pescatore 2026 - Citta Metropolitana di Torino (agg. 20/02/2026)
Torino,TO-SALM-08,salmonicola,,Fiume Dora Baltea,Fiume Dora Baltea dal confine con la Regione Autonoma Valle d'Aosta al ponte alla confluenza con il fiume Po in tutto il territorio della Provincia di Torino e tutti gli affluenti compresi nel tratto dal confine con la Regione Autonoma Vall,acque salmonicole,linea (media),547,Vademecum del Pescatore 2026 - Citta Metropolitana di Torino (agg. 20/02/2026)
Torino,TO-SALM-09,salmonicola,,Fiume Dora Riparia,Fiume Dora Riparia e suoi affluenti e defluenti per tutto il suo corso dalle origini fino al confine del Comune di Pianezza in zona Bivio Cotonificio Valle Susa ,acque salmonicole,intero-corso,,Vademecum del Pescatore 2026 - Citta Metropolitana di Torino (agg. 20/02/2026)
Torino,TO-SALM-10,salmonicola,,Torrente Lemina,Torrente Lemina e suoi affluenti dalle origini al ponte di San Pietro Val Lemina ,acque salmonicole,intero-corso,,Vademecum del Pescatore 2026 - Citta Metropolitana di Torino (agg. 20/02/2026)
Torino,TO-SALM-11,salmonicola,,Torrente Malesina,Torrente Malesina e suoi affluenti e defluenti per tutto il loro corso ,acque salmonicole,intero-corso,,Vademecum del Pescatore 2026 - Citta Metropolitana di Torino (agg. 20/02/2026)
Torino,TO-SALM-12,salmonicola,,Torrente Malone,Torrente Malone dalle origini al ponte di Front Canavese e suoi affluenti e defluenti per tutto il loro corso ,acque salmonicole,linea (media),11133,Vademecum del Pescatore 2026 - Citta Metropolitana di Torino (agg. 20/02/2026)
Torino,TO-SALM-13,salmonicola,,Torrente Messa,Torrente Messa e suoi affluenti e defluenti per tutto il loro corso ,acque salmonicole,linea (alta),13078,Vademecum del Pescatore 2026 - Citta Metropolitana di Torino (agg. 20/02/2026)
Torino,TO-SALM-14,salmonicola,,Torrente Noce,Torrente Noce dalle origini alla strada dei laghi in Comune di Frossasco e suoi affluenti e defluenti per tutto il loro corso ,acque salmonicole,linea (media),19769,Vademecum del Pescatore 2026 - Citta Metropolitana di Torino (agg. 20/02/2026)
Torino,TO-SALM-15,salmonicola,,Torrente Orco,Torrente Orco dalle origini al ponte della strada provinciale Rivarolo-Ozegna e tutti i canali e affluenti e defluenti per tutto il loro corso ,acque salmonicole,linea (media),2282,Vademecum del Pescatore 2026 - Citta Metropolitana di Torino (agg. 20/02/2026)
Torino,TO-SALM-16,salmonicola,,Torrente Pellice,Torrente Pellice per tutto il suo corso compresi i suoi affluenti e defluenti con l'esclusione del,acque salmonicole,intero-corso,,Vademecum del Pescatore 2026 - Citta Metropolitana di Torino (agg. 20/02/2026)
Torino,TO-SALM-18,salmonicola,,Torrente Ripa e affluenti e defluenti,Torrente Ripa e affluenti e defluenti per tutto il loro corso ,acque salmonicole,intero-corso,,Vademecum del Pescatore 2026 - Citta Metropolitana di Torino (agg. 20/02/2026)
Torino,TO-SALM-19,salmonicola,,Torrente Sangone,Torrente Sangone dalle origini al ponte di Trana e suoi affluenti e defluenti per tutto il loro corso ,acque salmonicole,intero-corso,,Vademecum del Pescatore 2026 - Citta Metropolitana di Torino (agg. 20/02/2026)
Torino,TO-SALM-20,salmonicola,,Torrente Soana,Torrente Soana e suoi affluenti e defluenti per tutto il loro corso ,acque salmonicole,intero-corso,,Vademecum del Pescatore 2026 - Citta Metropolitana di Torino (agg. 20/02/2026)
Torino,TO-SALM-21,salmonicola,,Fiume Stura di Lanzo,Fiume Stura di Lanzo e suoi affluenti e defluenti dalle origini fino al ponte della strada Villanova-Cafasse e i canali: riva sx (dalle origini fino al territorio comunale di Ciriè compreso) e riva dx (dalle origini fino al territorio comun,acque salmonicole,intero-corso,,Vademecum del Pescatore 2026 - Citta Metropolitana di Torino (agg. 20/02/2026)
Torino,TO-SALM-23,salmonicola,,Laghi montani collocati al di sopra dei 1000 m,Laghi montani collocati al di sopra dei 1000 m,acque salmonicole,marker,,Vademecum del Pescatore 2026 - Citta Metropolitana di Torino (agg. 20/02/2026)
Torino,TO-SALM-01,salmonicola,Cumiana,Torrente Angiale,Torrente Angiale e suoi affluenti e defluenti dalle origini alle paratoie in località Cascina Gruatera ,acque salmonicole,marker,,Vademecum del Pescatore 2026 - Citta Metropolitana di Torino (agg. 20/02/2026)
Torino,TO-SALM-17,salmonicola,Pinerolo,"Torrente Chiamogna,","Torrente Chiamogna, dal ponte sulla strada provinciale Pinerolo-Torre Pellice a valle ",acque salmonicole,marker,,Vademecum del Pescatore 2026 - Citta Metropolitana di Torino (agg. 20/02/2026)
Torino,TO-SALM-22,salmonicola,Villafranca Piemonte,Rogge e corsi d'acqua scorrenti in territorio del Comune di ,Rogge e corsi d'acqua scorrenti in territorio del Comune di Villafranca Piemonte con esclusione del fiume Po ,acque salmonicole,marker,,Vademecum del Pescatore 2026 - Citta Metropolitana di Torino (agg. 20/02/2026)
Torino,TO-TUR-01,turistica,Ala di Stura,Torrente Stura di Ala,dal ponte del Cresto a valle fino allo sbarramento della centrale Poma (~100 m a valle del ponte del Villar),,linea (media),2110,Vademecum del Pescatore 2026 - Citta Metropolitana di Torino (agg. 20/02/2026)
Torino,TO-TUR-02,turistica,Cantoira,Torrente Stura di Valgrande,dal ponte dell'ecostazione a valle sino al ponte di Via Santa Cristina,,linea (bassa),149,Vademecum del Pescatore 2026 - Citta Metropolitana di Torino (agg. 20/02/2026)
Torino,TO-TUR-03,turistica,Cesana Torinese,Torrente Ripa,dal ponte degli impianti da sci a monte fino al ponte di Bousson,,linea (media),879,Vademecum del Pescatore 2026 - Citta Metropolitana di Torino (agg. 20/02/2026)
Torino,TO-TUR-04,turistica,Coazze,Torrente Sangone,dalla confluenza con il Rio Balma a monte per 1500 m,,linea (media),1536,Vademecum del Pescatore 2026 - Citta Metropolitana di Torino (agg. 20/02/2026)
Torino,TO-TUR-05,turistica,Locana,Torrente Orco,dal confine con il comune di Noasca (localita Frera) a valle sino alla galleria di Rosone,,marker,,Vademecum del Pescatore 2026 - Citta Metropolitana di Torino (agg. 20/02/2026)
Torino,TO-TUR-06,turistica,Oulx,Lago Orfu,intero lago,,marker,,Vademecum del Pescatore 2026 - Citta Metropolitana di Torino (agg. 20/02/2026)
Torino,TO-TUR-07,turistica,Pomaretto - Perosa Argentina,Torrenti Germanasca-Chisone,"dalla confluenza dei torrenti Germanasca-Chisone fino all'opera di presa della troticoltura Marucco (sx orografica su Perosa Argentina, dx orografica su Pomaretto)",,marker,,Vademecum del Pescatore 2026 - Citta Metropolitana di Torino (agg. 20/02/2026)
Torino,TO-TUR-08,turistica,Usseglio,Torrente Stura di Viu,dal ponte del Rio Lunella a valle sino al ponte detto delle Ramassere,,marker,,Vademecum del Pescatore 2026 - Citta Metropolitana di Torino (agg. 20/02/2026)
Torino,TO-TUR-09,turistica,Valprato Soana,Torrente Soana,dal ponte della frazione Ronchietto al ponte della frazione Zurlera,,linea (media),1010,Vademecum del Pescatore 2026 - Citta Metropolitana di Torino (agg. 20/02/2026)
VCO,VCO-FIPSAS-07,concessione,Antrona Schieranco,Torrente Ovesca,dalla confluenza rio Troncone/Loranco al fiume Toce - gestione FIPSAS,acque in concessione FIPSAS VCO (serve tessera/permesso FIPSAS),marker,,Libretto del pescatore VCO (giugno 2022) - Provincia del Verbano Cusio Ossola; divieti Decreto Presidente n.119/2019 e s.m.i.; Lago Maggiore Convenzione italo-svizzera
VCO,VCO-FIPSAS-11,concessione,Antrona Schieranco,Lago di Cheggio,laghi di Antrona: Cheggio e Campliccioli - gestione FIPSAS,acque in concessione FIPSAS VCO (serve tessera/permesso FIPSAS),marker,,Libretto del pescatore VCO (giugno 2022) - Provincia del Verbano Cusio Ossola; divieti Decreto Presidente n.119/2019 e s.m.i.; Lago Maggiore Convenzione italo-svizzera
VCO,VCO-FIPSAS-04,concessione,Beura-Cardezza,Fiume Toce,dalla Cappella degli Scopelli allo sbocco nel Lago Maggiore - gestione FIPSAS,acque in concessione FIPSAS VCO (serve tessera/permesso FIPSAS),marker,,Libretto del pescatore VCO (giugno 2022) - Provincia del Verbano Cusio Ossola; divieti Decreto Presidente n.119/2019 e s.m.i.; Lago Maggiore Convenzione italo-svizzera
VCO,VCO-FIPSAS-08,concessione,Cannobio,Torrente Cannobino,dal sasso di Finero al Lago Maggiore - gestione FIPSAS,acque in concessione FIPSAS VCO (serve tessera/permesso FIPSAS),linea (media),8184,Libretto del pescatore VCO (giugno 2022) - Provincia del Verbano Cusio Ossola; divieti Decreto Presidente n.119/2019 e s.m.i.; Lago Maggiore Convenzione italo-svizzera
VCO,VCO-FIPSAS-02,concessione,Crodo,Fiume Toce,tratto FIPSAS a valle della diga di Verampio,acque in concessione FIPSAS VCO (serve tessera/permesso FIPSAS),linea (bassa),9172,Libretto del pescatore VCO (giugno 2022) - Provincia del Verbano Cusio Ossola; divieti Decreto Presidente n.119/2019 e s.m.i.; Lago Maggiore Convenzione italo-svizzera
VCO,VCO-FIPSAS-03,concessione,Domodossola,Fiume Toce,"da Pozzoladossola al ponte Mizzoccola, inclusi tratti del Torrente Diveria e Torrente Bogna - gestione FIPSAS",acque in concessione FIPSAS VCO (serve tessera/permesso FIPSAS),linea (media),3283,Libretto del pescatore VCO (giugno 2022) - Provincia del Verbano Cusio Ossola; divieti Decreto Presidente n.119/2019 e s.m.i.; Lago Maggiore Convenzione italo-svizzera
VCO,VCO-FIPSAS-06,concessione,Druogno,Torrente Melezzo Occidentale,"nei Comuni di Druogno, Trontano e Masera - gestione FIPSAS",acque in concessione FIPSAS VCO (serve tessera/permesso FIPSAS),linea (media),9325,Libretto del pescatore VCO (giugno 2022) - Provincia del Verbano Cusio Ossola; divieti Decreto Presidente n.119/2019 e s.m.i.; Lago Maggiore Convenzione italo-svizzera
VCO,VCO-FIPSAS-12,concessione,Formazza,Lago di Morasco,laghi di Morasco: Toggia e Kastel - gestione FIPSAS,acque in concessione FIPSAS VCO (serve tessera/permesso FIPSAS),marker,,Libretto del pescatore VCO (giugno 2022) - Provincia del Verbano Cusio Ossola; divieti Decreto Presidente n.119/2019 e s.m.i.; Lago Maggiore Convenzione italo-svizzera
VCO,VCO-CON-02,concessione,Gravellona Toce,Torrente Strona,dalla confluenza con il Fiume Toce a monte - gestione FIPSAS (tessera),,linea (media),4160,Libretto del pescatore VCO (giugno 2022) - Provincia del Verbano Cusio Ossola; divieti Decreto Presidente n.119/2019 e s.m.i.; Lago Maggiore Convenzione italo-svizzera
VCO,VCO-FIPSAS-10,concessione,Madonna del Sasso,Torrente Pellino,"Torrenti Pellino, Scarpia e Rio Plesina - gestione FIPSAS",acque in concessione FIPSAS VCO (serve tessera/permesso FIPSAS),linea (bassa),5947,Libretto del pescatore VCO (giugno 2022) - Provincia del Verbano Cusio Ossola; divieti Decreto Presidente n.119/2019 e s.m.i.; Lago Maggiore Convenzione italo-svizzera
VCO,VCO-CON-05,concessione,Omegna,Lago d'Orta,tratto di lago in Comune di Omegna - tessera FIPSAS,,marker,,Libretto del pescatore VCO (giugno 2022) - Provincia del Verbano Cusio Ossola; divieti Decreto Presidente n.119/2019 e s.m.i.; Lago Maggiore Convenzione italo-svizzera
VCO,VCO-FIPSAS-09,concessione,Omegna,Scaricatore Nigoglia,dalle porte del Lago d'Orta al torrente Strona - gestione FIPSAS,acque in concessione FIPSAS VCO (serve tessera/permesso FIPSAS),marker,,Libretto del pescatore VCO (giugno 2022) - Provincia del Verbano Cusio Ossola; divieti Decreto Presidente n.119/2019 e s.m.i.; Lago Maggiore Convenzione italo-svizzera
VCO,VCO-CON-01,concessione,Verbania,Fiume Toce,dal ponte di Migiandone alla confluenza con il Lago Maggiore - gestione FIPSAS (tessera),,marker,,Libretto del pescatore VCO (giugno 2022) - Provincia del Verbano Cusio Ossola; divieti Decreto Presidente n.119/2019 e s.m.i.; Lago Maggiore Convenzione italo-svizzera
VCO,VCO-CON-03,concessione,Verbania,Lago Maggiore,tratto VCO del Lago Maggiore - tessera FIPSAS,,marker,,Libretto del pescatore VCO (giugno 2022) - Provincia del Verbano Cusio Ossola; divieti Decreto Presidente n.119/2019 e s.m.i.; Lago Maggiore Convenzione italo-svizzera
VCO,VCO-CON-04,concessione,Verbania,Lago Maggiore (Pallanza),tratto di Pallanza gestito dall'Associazione LA RIVA - tessera associativa,,marker,,Libretto del pescatore VCO (giugno 2022) - Provincia del Verbano Cusio Ossola; divieti Decreto Presidente n.119/2019 e s.m.i.; Lago Maggiore Convenzione italo-svizzera
VCO,VCO-DDEP-01,ddep,Verbania,Lago Maggiore (Suna),tratto di Suna - diritto esclusivo di pesca ex Cuzzi Lamberti,,marker,,Libretto del pescatore VCO (giugno 2022) - Provincia del Verbano Cusio Ossola; divieti Decreto Presidente n.119/2019 e s.m.i.; Lago Maggiore Convenzione italo-svizzera
VCO,VCO-DIV-01,divieto,Baceno,Torrente Devero,dal ponte della Segheria in fraz. Osso al Rio Agaro compreso fino alla cascata,divieto di pesca,linea (media),3953,Libretto del pescatore VCO (giugno 2022) - Provincia del Verbano Cusio Ossola; divieti Decreto Presidente n.119/2019 e s.m.i.; Lago Maggiore Convenzione italo-svizzera
VCO,VCO-DIV-02,divieto,Baceno,"Lanche e rii (Lanca Piana Devero, Lanca Alpe Crampiolo, Rio Graglia, Rio Osso)",specchi e rii in Comune di Baceno,divieto di pesca,marker,,Libretto del pescatore VCO (giugno 2022) - Provincia del Verbano Cusio Ossola; divieti Decreto Presidente n.119/2019 e s.m.i.; Lago Maggiore Convenzione italo-svizzera
VCO,VCO-DIV-03,divieto,Beura-Cardezza,Rio Crucito',dalla strada prov.le Beura-Cuzzego a monte fino alla chiesa fraz. Cardezza,divieto di pesca,marker,,Libretto del pescatore VCO (giugno 2022) - Provincia del Verbano Cusio Ossola; divieti Decreto Presidente n.119/2019 e s.m.i.; Lago Maggiore Convenzione italo-svizzera
VCO,VCO-DIV-04,divieto,Bognanco,Torrente Bogna,tratto di 1 km dalla prima briglia fino allo sbarramento ENEL in loc. Torno,divieto di pesca,linea (media),1027,Libretto del pescatore VCO (giugno 2022) - Provincia del Verbano Cusio Ossola; divieti Decreto Presidente n.119/2019 e s.m.i.; Lago Maggiore Convenzione italo-svizzera
VCO,VCO-DIV-36,divieto,Cannobio,Torrente Cannobino,divieto di pesca permanente alla foce nel Lago Maggiore,divieto di pesca,marker,,Libretto del pescatore VCO (giugno 2022) - Provincia del Verbano Cusio Ossola; divieti Decreto Presidente n.119/2019 e s.m.i.; Lago Maggiore Convenzione italo-svizzera
VCO,VCO-DIV-05,divieto,Ceppo Morelli,Rio Crotto Tignaga,~150 m tra la passerella di legno a monte dello sbocco nel torrente Anza a valle,divieto di pesca,linea (media),144,Libretto del pescatore VCO (giugno 2022) - Provincia del Verbano Cusio Ossola; divieti Decreto Presidente n.119/2019 e s.m.i.; Lago Maggiore Convenzione italo-svizzera
VCO,VCO-DIV-06,divieto,Craveggia,Torrente Melezzo Orientale,tratto laterale tra il ponte in loc. Prestinone e la 4^ briglia a monte,divieto di pesca,linea (bassa),450,Libretto del pescatore VCO (giugno 2022) - Provincia del Verbano Cusio Ossola; divieti Decreto Presidente n.119/2019 e s.m.i.; Lago Maggiore Convenzione italo-svizzera
VCO,VCO-DIV-07,divieto,Craveggia,Acquette di Zornasco,dalla sorgente risorgiva fino alla confluenza con il Melezzo Orientale (briglia sup. al ponte SP per Craveggia),divieto di pesca,marker,,Libretto del pescatore VCO (giugno 2022) - Provincia del Verbano Cusio Ossola; divieti Decreto Presidente n.119/2019 e s.m.i.; Lago Maggiore Convenzione italo-svizzera
VCO,VCO-DIV-08,divieto,Crevoladossola,Fiume Toce,dallo sbarramento ENEL di Crevola (lago Tana) fino al ponte SP Via Valle Vigezzo per ~150 m,divieto di pesca,linea (media),151,Libretto del pescatore VCO (giugno 2022) - Provincia del Verbano Cusio Ossola; divieti Decreto Presidente n.119/2019 e s.m.i.; Lago Maggiore Convenzione italo-svizzera
VCO,VCO-DIV-09,divieto,Crodo,Canale di Crego / Lanca di Verampio,canale e lanca in Comune di Crodo,divieto di pesca,marker,,Libretto del pescatore VCO (giugno 2022) - Provincia del Verbano Cusio Ossola; divieti Decreto Presidente n.119/2019 e s.m.i.; Lago Maggiore Convenzione italo-svizzera
VCO,VCO-DIV-10,divieto,Crodo,Rio Vegno,dalla localita Vegno alla confluenza con il Toce,divieto di pesca,marker,,Libretto del pescatore VCO (giugno 2022) - Provincia del Verbano Cusio Ossola; divieti Decreto Presidente n.119/2019 e s.m.i.; Lago Maggiore Convenzione italo-svizzera
VCO,VCO-DIV-11,divieto,Domodossola,Rio Anzuno,dal ponte della strada Calice-Gabi Valle fino alla foce,divieto di pesca,linea (bassa),5276,Libretto del pescatore VCO (giugno 2022) - Provincia del Verbano Cusio Ossola; divieti Decreto Presidente n.119/2019 e s.m.i.; Lago Maggiore Convenzione italo-svizzera
VCO,VCO-DIV-12,divieto,Domodossola,Vecchia Lanca della Siberia,rio che attraversa la piana loc. Siberia e sfocia nel Toce (svincolo superstrada),divieto di pesca,marker,,Libretto del pescatore VCO (giugno 2022) - Provincia del Verbano Cusio Ossola; divieti Decreto Presidente n.119/2019 e s.m.i.; Lago Maggiore Convenzione italo-svizzera
VCO,VCO-DIV-13,divieto,Formazza,Fiume Toce,dal ponte della frazione Valdo al ponte della frazione S. Michele,divieto di pesca,linea (media),3582,Libretto del pescatore VCO (giugno 2022) - Provincia del Verbano Cusio Ossola; divieti Decreto Presidente n.119/2019 e s.m.i.; Lago Maggiore Convenzione italo-svizzera
VCO,VCO-DIV-14,divieto,Formazza,Fiume Toce,dalla dighetta di Brendo alla frazione Valdo,divieto di pesca,marker,,Libretto del pescatore VCO (giugno 2022) - Provincia del Verbano Cusio Ossola; divieti Decreto Presidente n.119/2019 e s.m.i.; Lago Maggiore Convenzione italo-svizzera
VCO,VCO-DIV-15,divieto,Formazza,Lanche di Fondovalle,specchi d'acqua di fondovalle in Comune di Formazza,divieto di pesca,marker,,Libretto del pescatore VCO (giugno 2022) - Provincia del Verbano Cusio Ossola; divieti Decreto Presidente n.119/2019 e s.m.i.; Lago Maggiore Convenzione italo-svizzera
VCO,VCO-DIV-16,divieto,Macugnaga,Rio Fula,frazione Pecetto per una lunghezza di 400 m,divieto di pesca,marker,,Libretto del pescatore VCO (giugno 2022) - Provincia del Verbano Cusio Ossola; divieti Decreto Presidente n.119/2019 e s.m.i.; Lago Maggiore Convenzione italo-svizzera
VCO,VCO-DIV-17,divieto,Macugnaga,Rio Isella,frazione Isella per una lunghezza di 100 m,divieto di pesca,marker,,Libretto del pescatore VCO (giugno 2022) - Provincia del Verbano Cusio Ossola; divieti Decreto Presidente n.119/2019 e s.m.i.; Lago Maggiore Convenzione italo-svizzera
VCO,VCO-DIV-18,divieto,Malesco,Torrente Melezzo Orientale,"tra la confluenza dei torrenti Isornino, Loana e Melezzo Orientale fino alla briglia a valle del ponte del Gabbio",divieto di pesca,linea (media),7598,Libretto del pescatore VCO (giugno 2022) - Provincia del Verbano Cusio Ossola; divieti Decreto Presidente n.119/2019 e s.m.i.; Lago Maggiore Convenzione italo-svizzera
VCO,VCO-DIV-35,divieto,Malesco,Torrente Melezzo Orientale,lanca sponda orografica destra dalle acque minerali al ponte di Mugnago (Comuni di Villette e Malesco),divieto di pesca,linea (media),5597,Libretto del pescatore VCO (giugno 2022) - Provincia del Verbano Cusio Ossola; divieti Decreto Presidente n.119/2019 e s.m.i.; Lago Maggiore Convenzione italo-svizzera
VCO,VCO-DIV-19,divieto,Mergozzo,Rio Resega,tratto terminale (80 m) dalla cascata alla foce nel lago,divieto di pesca,marker,,Libretto del pescatore VCO (giugno 2022) - Provincia del Verbano Cusio Ossola; divieti Decreto Presidente n.119/2019 e s.m.i.; Lago Maggiore Convenzione italo-svizzera
VCO,VCO-DIV-20,divieto,Montecrestese,Rio Vigna Albera,tratto di 2 km dalla frazione Nava alla frazione Roledo,divieto di pesca,marker,,Libretto del pescatore VCO (giugno 2022) - Provincia del Verbano Cusio Ossola; divieti Decreto Presidente n.119/2019 e s.m.i.; Lago Maggiore Convenzione italo-svizzera
VCO,VCO-DIV-21,divieto,Piedimulera,Torrente Anza,dalla traversa Edison (scala di risalita pesci) a valle fino al ponte della SP per Pieve Vergonte,divieto di pesca,linea (media),7526,Libretto del pescatore VCO (giugno 2022) - Provincia del Verbano Cusio Ossola; divieti Decreto Presidente n.119/2019 e s.m.i.; Lago Maggiore Convenzione italo-svizzera
VCO,VCO-DIV-22,divieto,Pieve Vergonte,Rio Santa Maria,dalla loc. Al Piano fino alla confluenza con il torrente Marmazza in fraz. Fomarco Basso,divieto di pesca,marker,,Libretto del pescatore VCO (giugno 2022) - Provincia del Verbano Cusio Ossola; divieti Decreto Presidente n.119/2019 e s.m.i.; Lago Maggiore Convenzione italo-svizzera
VCO,VCO-DIV-23,divieto,Pieve Vergonte,Canale di Megolo,50 m dal primo ponte dopo la centrale,divieto di pesca,marker,,Libretto del pescatore VCO (giugno 2022) - Provincia del Verbano Cusio Ossola; divieti Decreto Presidente n.119/2019 e s.m.i.; Lago Maggiore Convenzione italo-svizzera
VCO,VCO-DIV-24,divieto,Premia,"Lanche e Rio dei Gamberi (Lanca del Passo, della Passerella, del Pissero, San Rocco, Fornace, Fnera)",specchi d'acqua e rio in Comune di Premia,divieto di pesca,marker,,Libretto del pescatore VCO (giugno 2022) - Provincia del Verbano Cusio Ossola; divieti Decreto Presidente n.119/2019 e s.m.i.; Lago Maggiore Convenzione italo-svizzera
VCO,VCO-DIV-25,divieto,Premia,Fiume Toce,"da 100 m a monte del ponte per la centrale di Crego fino alla confluenza con il torrente Deverino (Comuni di Premia, Baceno, Crodo)",divieto di pesca,linea (bassa),5131,Libretto del pescatore VCO (giugno 2022) - Provincia del Verbano Cusio Ossola; divieti Decreto Presidente n.119/2019 e s.m.i.; Lago Maggiore Convenzione italo-svizzera
VCO,VCO-DIV-26,divieto,Premosello-Chiovenda,Fiume Toce,"sotto il ponte di Migiandone, lungo la rampa di risalita, fino a 20/30 m oltre il ponte (Comuni di Premosello e Ornavasso)",divieto di pesca,linea (media),140,Libretto del pescatore VCO (giugno 2022) - Provincia del Verbano Cusio Ossola; divieti Decreto Presidente n.119/2019 e s.m.i.; Lago Maggiore Convenzione italo-svizzera
VCO,VCO-DIV-27,divieto,Re,Rio Valle degli Orti,tratto finale dalla cascata a monte del ponte sulla SS 337 fino alla confluenza con il Melezzo Orientale,divieto di pesca,marker,,Libretto del pescatore VCO (giugno 2022) - Provincia del Verbano Cusio Ossola; divieti Decreto Presidente n.119/2019 e s.m.i.; Lago Maggiore Convenzione italo-svizzera
VCO,VCO-DIV-28,divieto,San Bernardino Verbano,Torrente San Bernardino,dal ponte della Segheria di Santino alla prima diga a monte,divieto di pesca,linea (bassa),1964,Libretto del pescatore VCO (giugno 2022) - Provincia del Verbano Cusio Ossola; divieti Decreto Presidente n.119/2019 e s.m.i.; Lago Maggiore Convenzione italo-svizzera
VCO,VCO-DIV-29,divieto,Trasquera,Torrente Diveria,"loc. Iselle dalla cava Tomola verso il confine svizzero fino al termine dell'abitato, per 500 m",divieto di pesca,linea (media),548,Libretto del pescatore VCO (giugno 2022) - Provincia del Verbano Cusio Ossola; divieti Decreto Presidente n.119/2019 e s.m.i.; Lago Maggiore Convenzione italo-svizzera
VCO,VCO-DIV-30,divieto,Varzo,Torrente Ri,dalla frazione Bassogno alla foce,divieto di pesca,linea (media),693,Libretto del pescatore VCO (giugno 2022) - Provincia del Verbano Cusio Ossola; divieti Decreto Presidente n.119/2019 e s.m.i.; Lago Maggiore Convenzione italo-svizzera
VCO,VCO-DIV-31,divieto,Varzo,Rio Cattagna,dalla sorgente alla foce,divieto di pesca,linea (alta),262,Libretto del pescatore VCO (giugno 2022) - Provincia del Verbano Cusio Ossola; divieti Decreto Presidente n.119/2019 e s.m.i.; Lago Maggiore Convenzione italo-svizzera
VCO,VCO-DIV-32,divieto,Varzo,Rio Sciollo,frazione Fontana per 600 m dalla sorgente all'immissione nel torrente Diveria,divieto di pesca,marker,,Libretto del pescatore VCO (giugno 2022) - Provincia del Verbano Cusio Ossola; divieti Decreto Presidente n.119/2019 e s.m.i.; Lago Maggiore Convenzione italo-svizzera
VCO,VCO-DIV-33,divieto,Verbania,Torrente San Bernardino,"vicino alla nuova scala di risalita, divieto di 50 m sia sotto che sopra",divieto di pesca,linea (bassa),100,Libretto del pescatore VCO (giugno 2022) - Provincia del Verbano Cusio Ossola; divieti Decreto Presidente n.119/2019 e s.m.i.; Lago Maggiore Convenzione italo-svizzera
VCO,VCO-DIV-34,divieto,Verbania,Rio Gabbiane,dalla foce sul fiume San Bernardino fino alla cava di inerti a monte,divieto di pesca,marker,,Libretto del pescatore VCO (giugno 2022) - Provincia del Verbano Cusio Ossola; divieti Decreto Presidente n.119/2019 e s.m.i.; Lago Maggiore Convenzione italo-svizzera
VCO,VCO-DIV-37,divieto,Verbania,Torrente San Giovanni,divieto alla foce dalla 1a domenica di settembre alla 1a domenica di marzo,divieto di pesca,marker,,Libretto del pescatore VCO (giugno 2022) - Provincia del Verbano Cusio Ossola; divieti Decreto Presidente n.119/2019 e s.m.i.; Lago Maggiore Convenzione italo-svizzera
VCO,VCO-DIV-38,divieto,Verbania,Fiume Toce,divieto permanente alla foce nel Lago Maggiore (+ limitazioni ord. 1/15),divieto di pesca,marker,,Libretto del pescatore VCO (giugno 2022) - Provincia del Verbano Cusio Ossola; divieti Decreto Presidente n.119/2019 e s.m.i.; Lago Maggiore Convenzione italo-svizzera
VCO,VCO-DIV-39,divieto,Verbania,Torrente San Bernardino,divieto permanente dal ponte della SS 34 alla foce e alla foce,divieto di pesca,linea (media),4987,Libretto del pescatore VCO (giugno 2022) - Provincia del Verbano Cusio Ossola; divieti Decreto Presidente n.119/2019 e s.m.i.; Lago Maggiore Convenzione italo-svizzera
VCO,VCO-FIPSAS-01,no_kill,Premia,Fiume Toce,zona no-kill FIPSAS (divieto di trattenere temoli),acque in concessione FIPSAS VCO (serve tessera/permesso FIPSAS),linea (bassa),7218,Libretto del pescatore VCO (giugno 2022) - Provincia del Verbano Cusio Ossola; divieti Decreto Presidente n.119/2019 e s.m.i.; Lago Maggiore Convenzione italo-svizzera
VCO,VCO-RIS-01,riserva,San Bernardino Verbano,Torrente San Bernardino,Riserva San Bernardino - zona no-kill a mosca (cap. 4.8 libretto),,marker,,Libretto del pescatore VCO (giugno 2022) - Provincia del Verbano Cusio Ossola; divieti Decreto Presidente n.119/2019 e s.m.i.; Lago Maggiore Convenzione italo-svizzera
VCO,VCO-FIPSAS-05,turistica,Varzo,Torrente Diveria,da frazione Balbalonesca al ponte Romano; zona di pesca turistica presso Spagna - FIPSAS,acque in concessione FIPSAS VCO (serve tessera/permesso FIPSAS),linea (media),1250,Libretto del pescatore VCO (giugno 2022) - Provincia del Verbano Cusio Ossola; divieti Decreto Presidente n.119/2019 e s.m.i.; Lago Maggiore Convenzione italo-svizzera
