corso,tipo,comuni,gestione,inizio,sviluppo,termine,fishing_tour
ACQUABONA,FONTANA,CALTIGNAGA,LIBERA,CALTIGNAGA località cascina Acquabona frazione Sologno,percorre poche centinaia di metri,CALTIGNAGA dopo essersi unita con la sopracitata frazione Manette si disperde nelle risaie a SUD,
AGAMO,RIO,BORGOTICINO fr.GAGNAGO DIVIGNANO - MEZZOMERICO - OLEGGIO - MOMO,LIBERA,GAGNANO in comune di Borgoticino,DIVIGNANO MEZZOMERICO C.na Vergiasca OLEGGIO C.na Bolognini in località Fornaci MOMO frazione Castelletto,Torrente TERDOPPIO in comune di MOMO,
AGOGNA,TORRENTE,AMENO - ARMENO (Sovazza e Pisogno) - BARENGO - BOLZANO NOV. - BORGOLAVEZZARO - BORGOMANERO - BRIGA NOV. - CALTIGNAGA - CAVAGLIETTO - CAVAGLIO D'AGOGNA - CUREGGIO - FONTANETO D'AGOGNA - GRANOZZO - GOZZANO - MASSINO VISCONTI - MIASINO - MOMO - NOVARA - SAN,LIBERA,Monte MERGOZZOLO in provincia del V.C.O.,Sovazza-Armeno- Miasino-Ameno- Bolzano N.- Gozzano- BrigaN.- Borgomanero- Fontaneto- Cavaglio- Cavaglietto- Momo(Agnellengo)- Caltignaga(Sologno Morghengo) - Novara (Agognate- Lumellogno)- Granozzo con Monticello- Vespolate,BorgolavezzaroALBON ESE in provincia di Pavia,
AGOGNA VECCHIA,RIO,BRIGA NOV. - INVORIO - BORGOMANERO,LIBERA,cascina MALPENSATA in comune di INVORIO,INVORIO (cascina COSTANZA) BRIGA NOV. (cascina PIZZARINI- FALCINA) BORGOMANERO (San Marco),Torrente AGOGNA nel comune di BORGOMANERO,
AGOGNOLA,ROGGIA,CASALINO - VINZAGLIO,LIBERA,CASALINO località cascina GINESTRA dalla roggia MOLINARA,CASALINO - VINZAGLIO,VINZAGLIO frazione PERNASCA nel cavo CROCETTO,
ALTO NOVARESE -,DIRAMATORE,BELLINZAGO - CALTIGNAGA - BRIONA - CASTELLAZZO - MANDELLO - VICOLUNGO - RECETTO,EST SESIA - GESTIONE APD,imbocco dal canale Regina Elena a Cavagliano (Bellinzago),tutto il corso,versatore nel Canale Cavour di Recetto,
ARBOGNA,TORRENTE,BORGOLAVEZZARO - GARBAGNA - NOVARA - VESPOLATE - NIBBIOLA,LIBERA,NOVARA laghetti MARIINA frazione TORRION QUARTARA,NOVARA - GARBAGNA - NIBBIOLA - VESPOLATE - BORGOLAVEZZARO,BORGOLAVEZZARO confine con la provincia di PAVIA in comune di ALBONESE,
ARGINE,CAVO,BELLINZAGO - CAMERI,F.I.P.S.A.S,BELLINZAGO,dalla fine della Riserva Badia fino alla Fontana Valazza,CAMERI,
AVOGADRO,FONTANA,NOVARA,A.P.D.,testa di fontana,tutto il corso,c.le Cavour,
BACU',FONTANA,NOVARA,A.P.D.,testa di fontana,tutto il corso,abitato di Novara,
BAGNO,SCARICATORE,CERANO,A.P.D.,dallo Sforzesco,tutto il corso,nel Ticino,
BASSOLA,RIO,ARMENO e frazione BASSOLA,LIBERA,Madonna di LUCIAGO,BASSOLA centro,torrente PESCONE in comune di ARMENO,
BASTARDA,ROGGIA (annessa roggia Busca),NON ATTIVA,A.P.D.,dalla Busca,tutto il corso,,FISHING TOUR
BAUDO,FONTANA,S. NAZZARO - CASALBELTRAME,LIBERA,SAN NAZZARO località STREGIO,sottopassa la Stra Provinciale n.16 S.Nazzaro Biandrate entrando nel comune di CASALBELTRAME,CASALBELTRAME località S.ROSA confluisce nella Roggia BOLGORA,
BELLA E FONTANONE,FONTANE,SOZZAGO,ASSOCIAZIONE PESCATORI TRECATESI,nascono a NORD del territorio comunale,scorrono parallele per circa 400 metri,confluiscono nella frazione CAVALLERO (concessione privata FISAS),FISHING TOUR
BELLINA,FONTANA,SOZZAGO,LIBERA,nasce all'uscita dell'abitato in direzione CERANO lato destro,breve tratto,s'immette nella fontana BUIA,
BERTA,CAVO,CASTELLAZZO NOV.SE - CASALEGIO - SAN PIETRO MOSEZZO,LIBERA,esce dal canale D.A.N. in comune di CASTELLAZZO nei pressi della strada provinciale per Briona,dopo breve percorso entra nel comune di CASALEGGIO,confluisce nella roggia PELTRENGA poco dopo essere entrato nel comune di SAN PIETRO frazione NOSEZZO dove prende il nome di cavo GAMBARE',
BERTERA,FONTANA,BIANDRATE - CASALBELTRAME,LIBERA,BIANDRATE località VAGGIONE,dopo aver sottopassato la strada provinciale BIANDRATE-S. NAZZARO entra in comune di CASALBELTRAME,CASALBELTRAME: si immette nel cavo CROSA zona cimitero,
BIRAGA,ROGGIA,CARPIGNANO S. - SILLAVENGO - MANDELLO V. - VICOLUNGO - BIANDRATE - CASLVOLONE - S. PIETRO - NOVARA - CASALINO - GRANOZZO,EST SESIA - GESTIONE APD,Dal Fiume Sesia,dalla sponda sinistra del fiume Sesia sino alla bocca Marza in Comune di Castello d'Agogna (Pv) per la parte ricadente in Provincia di Novara,confine provinciale,FISHING TOUR
BIRAGHETTA,ROGGIA,BORGOLAVEZZARO,LIBERA,BORGOLAVEZZARO adiacente alla cascina CATTEDRALE dal torrente ARBOGNA,dopo aver sottopassato la strada statale 211 e le campagne del comune - prosegue per la provincia di PAVIA,BORGOLAVEZZARO confine con la provincia di PAVIA in comune di CILAVEGNA,
BIRAGHETTA,ROGGIA,VESPOLATE - BORGOLAVEZZARO,EST SESIA - GESTIONE F.I.P.S.A.S.,VESPOLATE,dal sottopasso al Torrente Agogna in Comune di Vespolate alla ferma per la derivazione del cavo di Cascina Gorina in Comune di Ottabiano per la parte ricadente in Provincia di Novara,BORGOLAVEZZARO,
BOGGIANI,CAVO,"GARBAGNA, NIBBIOLA, VESPOLATE, BORGOLAVEZZARO",LIBERA,GARBAGNA località PASCOLI,dopo breve percorso entra in comune di NIBBIOLA - VESPOLATE e dopo aver oltrepassato le località MONTEPIANE e GORETTA entra in BORGOLAVEZZARO tra il paese e il torrente AGOGNA,confine con la provincia di PAVIA in comune di NICORVO,
BOLGORA,ROGGIA,CARPIGNANO - RECETTO - VICOLUNGO - LANDIONA - BIANDRATE - CASALBELTRAME - CASALVOLONE,FIPSAS,CARPIGNANO dal fiume SESIA,CARPIGNANO RECETTO - LANDIONA - VICOLUNGO - BIANDRATE - CASALBELTRAME - in concessione dal comune di CASALVOLONE,provincia di VERCELLI confine nel comune di VILLATA,FISHING TOUR
BOLOGNESA,FONTANA,SOZZAGO,EST-SESIA ACQUE LIBERA,nasce a sud del territorio comunale in località denominata frutteto FONIO,si sviluppa nelle campagne,confine con provincia di PAVIA in comune di CASSOLNUOVO,
BORROMEO,CAVO,VAPRIO - MOMO - BELLINZAGO,EST SESIA RISERVA PRIVATA veronesi Geom Carlo,VAPRIO D'A.,tratto compreso tra l'idrometro di cascina Torre in Vaprio d'A. e l'idrometro di cascina Argine in Bellinzago N.,BELLINZAGO N.,
BORROMEO SUPERIORE,CAVO,FONTANETO A. - VAPRIO A.,F.I.P.S.A.S.,FONTANETO A.,dalla sorgente (Fontaneto) all'idrometro della cascina Torre (Vaprio),VAPRIO A.,FISHING TOUR
BORSOTTI,FONTANA,NOVARA,A.P.D.,TESTA DI FONTANA,tutto il corso,a perdersi,FISHING TOUR
BOSCO LEONE,LANCA,GALLIATE,ASSOC. PESCAT. DILETTANTI GALLIATESI,GALLIATE,alimentata da acqua sorgiva e dalle piene stagionali del Fiume Ticino,"specchio d'acqua ""chiuso"" occasionalmente comunicante col Fiume Ticino durante le piene stagionali",FISHING TOUR
BUGLIA,FONTANA,LANDIONA,LIBERA,nasce in località BUGLIA a nord del paese,percorre circa 600 metri,si immette nella fontana Morma all'interno del centro abitato,
BUIA,FONTANA,TRECATE - SOZZAGO - CERANO,APD,nasce in località Molino S.Maria in comune di TRECATE,prosegue in località CAMPOMAGNO in comune di SOZZAGO per poi continuare nel comune di CERANO,CERANO confluisce nella frazione FERRERA (concessione privata) nelle vicinanze della cascina CAMERONA,FISHING TOUR
BUIA,FONTANA,CERANO - SOZZAGO,,testa di fontana,tutto il corso,in Ferrera,
BUSCA,ROGGIA asta principale,CARPIGNANO - SILLAVENGO - MANDELLO - CASALEGGIO - VICOLUNGO - BIANDRATE - CASALBELTRAME - CASALVOLONE - CASALINO,EST SESIA - GESTIONE APD.P.D.,sponda sinistra fiume Sesia in Comune di Carpignano,parte ricadente in Provincia di Novara fino al confine con la Provincia di Pavia,Bocca del Cavo della Pista di Bordignana in Provincia di Pavia,FISHING TOUR
BUSCA O LADRO,CAVETTO ramo sinistro (Busca di Mora),BRIONA - SILLAVENGO,EST SESIA - GESTIONE APD,Briona,tutto il corso,Sillavango Roggia Busca,FISHING TOUR
BUSCA O LADRO,CAVETTO ramo destro (Busca di Busca),CARPIGNANO S. - SILLAVENGO,EST SESIA - GESTIONE APD,Carpignano S.,dalla roggia Molinara di Carpignano S. alla confluenza con il ramo sinistro,Sillavengo,FISHING TOUR
BUSCA O LADRO,CAVETTO asta principale,SILLAVENGO- CASTELLAZZO - MANDELLO - CASALEGGIO - VICOLUNGO - S. PIETRO M. - CASALBELTRAME - NOVARA - CASALINO - GRANOZZO,EST SESIA - GESTIONE APD,SILLAVENGO da roggia Busca,dalla confluenza dei rami destro e sinistro fino al confine con la Provincia di Pavia nella parte ricadente in Provincia di Novara per tutto il corso,confine provinciale,FISHING TOUR
BUSCAGLINO,FONTANA,TRECATE,LIBERA,nasce nelle vicinanze del torrente TERDOPPIO appena a monte della strada provinciale OLENGO-TRECATE,prosegue in località cascina MAGAZZENO,si disperde nelle campagne,
CACESCA,ROGGIA,NOVARA - GRANOZZO,LIBERA,NOVARA nasce dal torrente AGOGNA frazione LUMELLOGNO costeggiandolo a EST,prosegue nel comune di GRANOZZO in località case sparse,confine con provincia di PAVIA in comune di CONFIENZA,
CALVI,FONTANA,SOZZAGO,ASSOCIAZ. PESCAT- SOZZAGO,SOZZAGO,5000 METRI,CASSOLNUOVO,FISHING TOUR
CALVI,FONTANA,SOZZAGO,LIBERA,nasce in prossimità della località ex OLIVE,BREVE TRATTO,confluisce nel cavetto Ospedale (concessione privata),
CAMERONA (lato destro),PARTITORE,CERANO,LIBERA,nasce dalla roggia MORA CAMERONA in località cascina CAMERONA,oltrepassa la cascina CAMERONA e prosegue per circa 500 metri,confine con provincia di PAVIA in comune di CASSOLNUOVO,
CAMPALONE,RIO,BOCA - CAVALLIRIO,LIBERA,CAVALLIRIO,Frazione RONCHETTO in comune di MAGGIORA BOCA,Torrente STRONA in comune di BOCA,
CAMPALONE,RIO,PRATO SESIA,LIBERA,Colle LA TORRE,PRATO SESIA,Torrente ROCCIA in comune di PRATO SESIA,
CAMPOMAGNO O ROSA,FONTANA,TRECATE - CERANO,ASSOCIAZ. PESCATORI TRECATESI,TRECATE,METRI 4000,CERANO,FISHING TOUR
CANELLI,FONTANA,SAN PIETRO MOSEZZO,LIBERA,nasce nelle vicinanze della cascina GRIGNOLO in frazione CESTO,sottopassa l'A4 TO-MI ed il canale CAVOUR,confluisce nel cavo cattedrale (concessione FIPSAS) nelle vicinanze della cascina OBBIATE,
CANNETO,FONTANA,VESPOLATE - BORGOLAVEZZARO,LIBERA,VESPOLATE cascina CANE',VESPOLATE - BORGOLAVEZZARO,provincia di PAVIA nel comune di ALBONESE,
CANTONALE,FONTANA,BIANDRATE - CASALBELTRAME,LIBERA,BIANDRATE località MADONNA DELLA PRIERA,dopo poche centinaia di metri entra nel comune di CASALBELTRAME dove si restringe con basso fondale,CASALBELTRAME si disperde nelle campagne a OVEST del paese,
CANTONALE,FONTANA,BIANDRATE - CASALBELTRAME,EST SESIA - LIBERA,BIANDRATE,tratto della lunghezza di circa 700 mt. Compreso tra il capofonte e l'immissione nel cavo crosio nei Comuni di Biandrate e Casalbeltrame,CASALBELTRAME,
CANTURINA,CAVO,BRIONA - CASTELLAZZO,EST SESIA - GESTIONE FIPSASFIPSAS,BRIONA nasce nei pressi della ferrovia per VARALLO POMBIA,scorre parallelo alla strada provinciale della Valsesia in direzione sud e dopo essere entrata nel comune di CASTELLAZZO rientra nel comune di BRIONA in località cascina MAURIZIA,BRIONA località cascina MAURIZIA si immette nella roggia PELTRENGA,FISHING TOUR
CARAVAGGIO,FONTANA,MOMO - BELLINZAGO,A.P.D.,,,,FISHING TOUR
CARAVAGLIO,FONTANA,CALTIGNAGA,LIBERA,nasce dalla confluenza delle due sopracitate,BREVE PERCORSO,si immette nel torrente TERDOPPIO,
CARAVAGLIO DI MEZZO,FONTANA,CALTIGNAGA,LIBERA,CALTIGNAGA a EST della cascina ACQUABONA,BREVE PERCORSO,confluisce nella fontana CARAVAGGIO DI MEZZO IN LOCALITA' CAMPOLOGGIA,
CARDANINO,COLATORE,ROMENTINO - TRECATE,A.P.D.,DALLO SFORZESCO,tutto il corso,nelle lanche del Ticino,
CARDANO,COLATORE,ROMENTINO,A.P.D. e APDS Romentino,testa di fontana,tutto il corso,nello Sforzesco,
CARDANO,SCARICATORE,ROMENTINO,EST SESIA - GESTIONE APDA.P.D.,ROMENTINO testa di fontana,tutto il corso,nel Naviglio Sforzesco,
CARRETTONA,FONTANA,TERDOBBIATE - VESPOLATE,LIBERA,nasce a OVEST del territorio comunale di TERDOBBIATE,dopo breve tratto entra in comune di VESPOLATE,s'immette nella fontana S.MARIA in località S. GIOVANNI,
CASCINONE,FONTANA,LANDIONA - VICOLUNGO - RECETTO,LIBERA,nasce nel comune di LANDIONA,attraversa il comune di VICOLUNGO in località Cascinone e quindi entra nel comune di RECETTO,si disperde nelle campagne,
CATTEDRALE,CAVO,S. PIETRO M. - CASALGIATE - NOVARA - GRANOZZO - VESPOLATE - BORGOLAVEZZARO,EST SESIA - GESTIONE FIPSAS.,S. PIETRO MOSEZZO,dal Canale Cavour in Comune di S. Pritro Mosesso fino alla sbocco nel torrente Arbogna,BORGOLAVEZZARO,FISHING TOUR
CAVAGLIO DEI BOSCHI,FONTANA,CALTIGNAGA,LIBERA,CALTIGNAGA nasce nelle vicinanze del torrente terdoppio in località ISOLA,BREVE PERCORSO,confluisce nella fontana CARAVAGGIO DI MEZZO IN LOCALITA' CAMPOLOGGIA,
CAVALLERO,FONTANA,SOZZAGO,ASSOCIAZ. PESCATORI TRECATESI,a fianco Torrente TERDOPPIO,7000 METRI,CASSOLNUOVO,FISHING TOUR
CAVALLETTO,FONTANA,CASALVOLONE,LIBERA,CASALVOLONE in prossimità della cascina CAVALLETTO,BREVE TRATTO si divide in due rami,PRIMO ramo entra nel cavo SAINO SECONDO ramo entra nella frazione PASSONE,
CAVETTO,FONTANA,MANDELLO VITTA - VICOLUNGO,LIBERA,nasce nei pressi della roggia BIRAGA vicino alla strada provinciale verso Sillavengo in comune di MANDELLO,scorre nei pressi del cimitero dove raccoglie lo scarico del depuratore quindi prosegue nel comune di VICOLUNGO,si perde nelle campagne in comune di VICOLUNGOA,
CAVETTO,CAVO,VICOLUNGO - LANDIONA,LIBERA,esce dal DAN in comune di LANDIONA,dopo breve percorso entra nel comune di VICOLUNGO scorre ad EST del paese,confluenza nella roggia BUSCA (concessione A.P.D.) località GARGARENGO,
CAVOUR,SCARICATORE DEL CANALE,GALLIATE,EST SESIA - GESTIONE APD,Imbocco Canale Cavour di Galliate,tutto il corso,Confluenza con fiume Ticino,FISHING TOUR
CAVOUR,CANALE,RECETTO - VICOLUNGO - BIANDRATE - S.PIETRO M. - NOVARA - CAMERI - GALLIATE,EST SESIA - GESTIONE APD,confine provinciale,tutto il corso,partizione tra scaricatore in Ticino e dirametore Vigevano in Comune di Galliate,FISHING TOUR
CERAGLIO,ROGGIA,CASALVOLONE,EST SESIA - GESTIONE APD,CASALVOLONE,dall'origine alla confluenza in Bolgora (Molino della Morte),CASALVOLONE,FISHING TOUR
CERANA,ROGGIA,CERANO,LIBERA,CERANO adiacente cascina MIETTA dalla divisione del torrente TERDOPPIO in: MORA CAMERONA (concessione FISPAS) ROGGIA CERANA,CERANO,dopo aver attraversato l'abitato di CERANO si divide in due rami I°CAVO-PILONA 2°ROGGIA RETTA adiacente alla S.P. 4 CERANO- CASSOLNUOVO,
CERANA o Ariotta o Riotta,FONTANA (detta anche Ariotta o Riotta),NOVARA,MITTINO Gianni,Testa di Fontana,nel tratto compreso tra i capo fondi ubicati nel mappale184 di Novara e il suddetto edificio di carico della fontana di e Pernate .,fontana di Pernate,
CERANA o Ariotta o Riotta,FONTANA (detta anche Ariotta o Riotta),NOVARA,EST SESIA - GESTIONE APD,Testa di Fontana,tra edificio di scarico della Fontana di Pernate (a monte della SS Padana Superiore n. 11) e sbocco nel torrente Terdoppio,nel Terdoppio,FISHING TOUR
CERANA SUPERIORE o NOVA,ROGGIA,NOVARA,EST SESIA - GESTIONE APD,NOVARA dal torrente AGOGNA cascina BADA di S.RITA frazione di AGOGNATE,scorre parallela al cavo RICCA,non fuoriesce dall'altro capo della città confluendo nel cavo RICCA,
CERESA,FONTANA,LANDIONA,VIENNESE PIETRO,LANDIONA,,LANDIONA,
CERVETTO,FONTANA,TRECATE,LIBERA,nasce in prossimità della cascina INGLESA,BREVE TRATTO,confluisce nella frazione CICOGNA o DEL SIGNORE in località CAMPACCIO,
CICOGNA o DEL SIGNORE,FONTANA,NOVARA - TRECATE,LIBERA,nasce tra la tangenziale di NOVARA e la cascina MIRABELLO in comune di NOVARA,oltrepassa la cascina LUSERTA in comune di TRECATE e costeggia la cascina INGLESA,adiacente alla cascina INCASATE si divide in due rami: PRIMO scarica nel Terdoppio e il SECONDO nella roggia MORETTA,
CID,CAVO,FONTANETO - CRESSA - VAPRIO - MOMO - BELLINZAGO - CAMERI,ESTESIA - GESTIONE F.I.P.S.A.S.,FONTANETO,"dalla confluenza tra la fontana Galeazza e la Fontana D'Assi a sud della Cascina Picchetta in Comune di Cameri ivi compresi il fontanone Marco, la Fontana Galisciotta e la Fontana Monferrona",CAMERI,FISHING TOUR
CID (detto Fontana D'Assi o San Giovanni),CAVO,CRESSA - FONTANETO,ESTESIA - GESTIONE F.I.P.S.A.S.,CRESSA,dall'origine a sud della Cascina Magina in Comune di Cressa alla confluenza con la fontana Galeazza,FONTANETO A.,FISHING TOUR
CID (detto fontana Galeazza),CAVO,BORGOMANERO - FONTANETO D'AGOGNA,ESTESIA - GESTIONE F.I.P.S.A.S.,BORGOMANERO,A Nord-Est del Molino Resega in Comune di Borgomanero ivi compresi i numerosi capofonti fino alla confluenza con la fontana Dessi in Comune di Fontaneto D'Agogna,FONTANETO D'AGOGNA,FISHING TOUR
CILIEGIA,FONTANA,LANDIONA - VICOLUNGO,LIBERA,nasce in comune di LANDIONA località OGGIAROLO limitrofo al cimitero,prosegue a sud di LANDIONA entra nel comune di VICOLUNGO,si immette nella roggia VIAZZA,
CONSORTILE,CAVO,VICOLUNGO,LIBERA,esce dal cavo cavetto in località GIAROLA a nord del paese,attraversa il paese,rientra nel cavo cavetto a SUD del paese,
CORBA,FONTANA,TERDOBBIATE - TORNACO - BORGOLAVEZZARO,LIBERA,nasce in località Quartiere S.GIORGIO in comune di TERDOBBIATE,dopo breve tratto entra ne comune di TORNACO e prosegue nelle campagne entrando nel comune di BORGOLAVEZZARO,si divide in due rami: PRIMO scarica nella frazione VALBORDONA (concessione privata) SECONDO si disperde nelle campagne,
CRISTIANA,FONTANA,MOMO - BELLINZAGO - CALTIGNAGA,LIBERA,MOMO poco a SUD della frazione di ALZATE di MOMO,dopo breve percorso entra nel comune di BELLINZAGO a OVEST frazione CAVAGLIANO per poi proseguire nel comune di CALTIGNAGA frazione SOLOGNO,CALTIGNAGA frazione SOLOGNO si disperde a sud nella campagna,
CRISTINA,FONTANA,MOMO - CALTIGNAGA,A.P.D.,testa di fontana,tutto il corso,in terdoppio,
CROCETTO,CAVO,CASALINO,F.I.P.S.A.S.,CASALINO,dalle origini per tutto il percorso nei territori di Orfengo e Casalino,Sfocia nel Cavo Scotti a Palestro,FISHING TOUR
CROSA,CAVO,CASALBELTRAME - CASALVOLONE,LIBERA,nasce in zona cimitero dalla confluenza delle frazioni CANTONALE e BERTERA in comune di CASALBELTRAME,dopo breve tratto entra nel comune di CASALVOLONE,si immette nella roggia BOLGORA in località scaraglio nel comune di CASALVOLONE,
CROSIO,CAVO,CASALBELTRAME,EST SESIA LIBERA,CASALBELTRAME,tratto della lunghezza di circa 2600 mt. Compreso tra il sottopasso della strada vicinale Prato Chioso e l'immissione nella Roggia Bolgora,CASALBELTRAME,
DADDA,FONTANA asta principale,TRECATE,ASSOCIAZ. PESCATORI SOZZAGO,a fianco strada regionale 11 TRECATE- NOVARA,3000 METRI,TRECATE,FISHING TOUR
D'ASSI,CAVO,BRIONA - NOVARA - SAN PIETRO MOSEZZO - GARBAGNA,FIPSAS,nasce dalla roggia MORA in frazione PROH comune di BRIONA,attraversa le frazioni di Cesto e Nibbia - in località laghetti Cobiadino sottopassa il canale Cavour e in frazione Agognate dove viene alimentato da una presa d'acqua del canale Cavour. Scorre in prossimità della cascina Monta quindi prosegue tombato sot,GARBAGNA confluisce nel cavo RILE,FISHING TOUR
DASSI o SAN GIOVANNI,FONTANA,CRESSA,F.I.P.S.A.S.,CRESSA,dall'origine a sud della casc.Magina - Comune di Cressa alla confluenza con la fontana Galeazza,FONTANETO D'AGOGNA,FISHING TOUR
DE CARLIS,CAVO (annesso roggia Busca),CASALBELTRTAME - CASALVOLONE,EST SESIA - GESTIONE APDA.P.D.,dalla Busca,tutto il corso,,FISHING TOUR
DEI PLATANI,FONTANA,SAN PIETRO MOSEZZO,LIBERA,nasce in località cascina CASONE,costeggia il laghetto comunale di pesca,si perde fra le campagne nelle vicinanze della zona industriale,
DEL CASTELLO,FONTANA,CASALEGGIO - SAN PIETRO MOSEZZO,LIBERA,nasce nelle vicinanze della stazione da due sorgenti diverse confluenti dopo poche decine di metri in comune di CASALEGGIO,dopo breve percorso in località GARGARENGO entra nel comune di S.PIETRO M.,confluisce nella roggia BUSCA,
DEL CILIEGO (CACCIA),FONTANA,NOVARA - GRANOZZO,LIBERO,NOVARA frazione PAGLIATE,dopo essere entrata nel comune di GRANOZZO si divide in due rami,PRIMO RAMO confluisce nella roggia BIRAGHETTA SECONDO RAMO confluisce nel cavo cattedrale (FIPSAS),
DEL DIAVOLO,FONTANA,RECETTO - SAN NAZZARO,LIBERA,località CAMPOLUNGO,in comune di RECETTO sottopassa il canale CAVOUR e la strada direzione frazione CASCINONE,dopo poche centinaia di metri nel comune di S.NAZZARO si disperde nella campagna,
DEL PISARGIO',FONTANA,CASALEGGIO,LIBERA,vicinanze cascina BERTA,breve percorso,confluisce nel cavo PIATTI,
DEL PORTONE,FONTANA,CASALINO - VINZAGLIO,LIBERA,nasce a sud del comune di CASALINO,dopo poche centinaia di metri entra nel comune di VINZAGLIO a nord della cascina del CONTE,confine con la provincia di VERCELLI in comune di BORGOVERCELLI in frazione SCAVARDA vicinanze A26,
DEL POZZO,CAVO,SAN PIETRO MOSEZZO,LIBERA,esce dalla ROGGIA MOLINARA in località cascina COLOMBARA,attraversa il territorio della frazione CESTO,confluisce nella roggia PELTRENGA a sud del paese,
DELFINA o STUPUN,ROGGIA,SAN NAZZARO SESIA - RECETTO,LIBERA,RECETTO località SCHIAVINO,dopo aver oltrepassato la località BARAGGIONE entra nel comune di SAN NAZZARO SESIA,SAN NAZZARO SESIA nel cavo ISNARDI,
DELLA SOGNA,RIO,ARMENO,LIBERA,ai piedi dell'Alpe BONOMI,Alpe GUIDOTTI in Comune Armeno centro,torrente AGOGNA in comune di Armeno,
DESSI,CAVO,BRIONA - SAN PIETRO MOSEZZO - NOVARA - VESPOLATE - BORGOLAVEZZARO,LIBERA,BRIONA frazione PROH dalla ROGGIA MORA e dopo aver attraversato le frazioni di CESTO e NIBBIA entra nel comune di NOVARA frazione AGOGNATE,BRIONA S.PIETRO MOSEZZO NOVARA,nel comune di NOVARA frazione T.QUARTARA immettendosi nel cavo RILE dal quale fuoriesce in comune di VESPOLATE località cascina BERTUTTINA per proseguire in BORGOLAVEZZARO fino al confine con la provincia di PAVIA in comune di NICORVO,
DI CESTO,FONTANA,SAN PIETRO MOSEZZO - NOVARA,LIBERA,nasce in frazione CESTO in vicinanza case nuove in comune di SAN PIETRO,"attraversa la strada vecchia per Casaleggio, sottopassa l'A4 TO-MI ed il canale CAVOUR, quindi entra nel comune di NOVARA",si perde nelle campagne in frazione di CASALGIATE,
DIVISO,FOSSO COLATORE (annesso roggia Busca),CASALINO,ESTSESIA - GESTIONE A.P.D.,colatore,tutto il corso,r. Busca,FISHING TOUR
DOMINIONI,FONTANA,NOVARA,A.P.D.,testa di fontana a Monte del Canale Cavour,tutto il corso,a perdersi,FISHING TOUR
DOVES/DOVEGIO,RIO,ARMENO SOVAZZA,LIBERA,Località S.Giuseppe,SOVAZZA,Torrente AGOGNA in comune di ARMENO,
ELVADINA,FONTANA,SOZZAGO,ASSOCIAZ. PESCATORI SOZZAGO,CASCINA MAGAZZENO,1000 METRI,SOZZAGO,FISHING TOUR
ERGA,CANALE (ex Saporiti o Nuovo),TRECATE,ASSOCIAZ. PESCATORI TRECATESI,FILAROLA - ENEL,3000 METRI,TRECATE ponte SAN CASSIANO,FISHING TOUR
ERNO,TORRENTE,"LESA- MASSINO *affluenti del torrente ERNO nel comune di Massino V: rio vallone calorio, rio vallone prato pelo, rivo dei bugiaghi, rivo degli avallaschi, rivo fossa, rivo nauline,",LIBERA,GIGNESE in provincia del V.C.O.,"BROVELLO in provincia del V.C.O., COMNAGO, MASSINO V., LESA, SOLCIO DI LESA",LAGO MAGGIORE solcio di Lesa,
FAVINO,FONTANA,CASALBELTRAME,BUSOLO CLARISSA,CASALBELTRAME,"tratto della lunghezza di circa 1000 mt. Compreso tra il capofonte e l'immissione nel cavo Crosio, in prossimità della cascina Baraggia, in Comune di Casalbeltrame",CASALBELTRAME,
FERRERA,FONTANA,SOZZAGO - CERANO,A.P.D.,testa di fontana,tutto il corso,confine provinciale,FISHING TOUR
FIBIANA,FONTANA,S. PIETRO M.,F.I.P.S.A.S.,S.PIETRO MOSEZZO,dalle origini su tutto il territorio di S. Pietro M.,S.P.IETRO MOSEZZO,FISHING TOUR
FILARELLO,CAVO (annesso roggia Busca),MANDELLO VITTA,EST SESIA - GESTIONE APDA.P.D.,dalla Busca,tutto il corso,,FISHING TOUR
FILATURA DI GRIGNASCO,CANALE,GRIGNASCO - PRATO SESIA,FIPSAS,GRIGNASCO,"dall'imbocco del canale al secondo ponte dopo scarico Colonia in Comune di Grignasco, dall'ultimo ponte al ponte delle porte rosse di Grignasco,dalla centrale dell'Isola al ponte Torrente Mologna di Prato Sesia, dall'ultimo ponte alla foce del canale nel",PRATO SESIA,FISHING TOUR
FONTANA MARGHERITA o FONTANA PREALBA,FONTANA,CASALINO,LIBERA,cascina MARGHERITA frazione PONZANA in comune di CASALINO,CASALINO,adiacente alla cascina PREALBA immettendosi nel cavo dell'OSPEDALE,
FONTANACCIA,TORRENTE,POGNO,LIBERA,PROVINCIA DI VERCELLI,PRERRO,TORRENTE GRUA in Comune di POGNO,
FONTANETTA,FONTANA,SOZZAGO,LIBERA,nasce nella adiacenza della cascina MILORTA,breve tratto,confluisce nella frazione ROGGIOLA,
FONTANINA,FONTANA,GARBAGNA - NIBBIOLA,LIBERA,nasce nel comune di GARBAGNA in prossimità della linea ferroviaria NOVARA- ALESSANDRIA,Costeggia la S.S 211 in direzione MORTARA entra nel comune di NIBBIOLA e percorre un breve tratto,si disperde nelle campagne,
FONTANONE,FONTANILE,CASALVOLONE,PRIVATA,CASALVOLONE,dal capofonte allo sbocco nel cavo Torre,CASALVOLONE,
FONTANONE e SILVA,FONTANA,VICOLUNGO - BIANDRATE - CASALBELTRAME,LIBERA,VICOLUNGO località tiro a segno,"nel comune citato assume il nome di fontana FONTANONE dopo aver sottopassato l'autostrada A4, il canale CAVOUR e la strada provinciale di RECETTO entra nel comune di BIANDRATE modificando il nome in fontana SILVA proseguendo nel comune di CASALBELTRAME",CASALBELTRAME confluisce nella roggia BOLGORA località cimitero,
FONTANONE o PERSIGHETTO,ROGGIA,CASALBELTRAME - CASALVOLONE,LIBERA,CASALBELTRAME località tenuta S. ROSA,CASALBELTRAME - CASALVOLONE,si immette nella fontana CAVALLETTO sita a NORD dell'abitato di CASALVOLONE,
FONTANONE o VITTA (dal comune di MANDELLO in poi),FONTANA,CARPIGNANO - SILLAVENGO - MANDELLO - CASALEGGIO,LIBERA,CARPIGNANO nelle vicinanze dell'A26 dietro al cimitero,dopo aver oltrepassato la zona R.C. di Carpignano entra nel comune di SILLAVENGO scorrendo nei pressi del campo sportivo entra poi nel comune di MANDELLO in località cascina BIOLA incrocia la strada provinciale verso castellazzo corre parallela alla Strad,"MANDELLO- CASALEGGIO, poi poco a monte del D.A.N. in comune di Casaleggio si immette nella fontana MASSARA",
FOSSALONE,CAVO,NOVARA - TRECATE,EST SESIA - GESTIONE A.P.D.,NOVARA testa di fontana,origine dalla Fontana Ariotta in Comune di Novara - sbocco nella roggia Cerana in Comune di Trecate,TRECATE roggia Cerana,FISHING TOUR
GALEAZZA,FONTANA,BORGOMANERO - FONTANETO,F.I.P.S.A.S.,BORGOMANERO,"dall'origine, circa 300 m. a nord-est del Molino Resega ivi compresi i capofontifino alla confluenza con la fontana Dessi",FONTANETO,FISHING TOUR
GALISCIOTTA,FONTANA,VAPRIO,F.I.P.S.A.S.,VAPRIO A.,AFFLUENTE CAVO CID,VAPRIO A.,FISHING TOUR
GALLETTO,FONTANA,VINZAGLIO,LIBERA,nasce a nord della frazione VIGNETTA,sottopassa la S.P. in direzione TORRIONE,si immette nella roggia RIGOLINA in località cascina VISCARDA,
GALLETTO,RACCOGLITORE (annesso roggia Busca),CASALINI - CASALVOLONE,A.P.D.,dalla Busca,tutto il corso,a perdersi,FISHING TOUR
GAMARETTA,ROGGIA (annessa roggia Busca),CASALINO,A.P.D.,dalla Busca,tutto il corso,a perdersi,FISHING TOUR
GAMARETTO,ROGGIA,VINZAGLIO,LIBERA,fuoriesce dalla roggia GAMARA (concessione FIPSAS) in località cascina PORTONE,attraversa la frazione TORRIONE costeggiando la strada provinciale BORGOVERCELLI- PALESTRO,si immette nella roggia GAMARRO (concessione FIPSAS) a SUD della frazione TORRIONE,
GAMARRA,ROGGIA,VINZAGIO,EST SESIA - GESTIONE F.I.P.S.A.S.,BORGOVERCELLI,dalla confluenza della Roggia Bolgora con la roggia Morta (Borgovercelli) fino a monte Gallarotto e successivo tratto sino al confine tra i Comuni di Vinzaglio e Palestro in corrispondenza del canale sulla roggia Crocettona per la parte ricadente in Provi,Palestro nel Roggione Sartirana,FISHING TOUR
GAZURLO,LAGHETTO (cava dismessa),NOVARA,A.P.D.,,tutta l'area,,
GEOLA,FOSSO,INVORIO - BORGOMANERO - CRESSA,LIBERA,INVORIO,BARQUESTO in comune di BORGOMANERO C.na CERCERA frazione S.Cristinetta C.na SORGA frazione Colombera CRESSA frazione CANOVA,Torrente LIRONE in comune di CRESSA,
GERANA,ROGGIA,ROMENTINO,LIBERA,ROMENTINO adiacente cascina GERANO,ROMENTINO scorre interamente nel PARCO DEL TICINO,dopo aver sottopassato la roggia MOLINARA e ricevuto le acque di un suo scolmatore cambia nome in fontana SORGENTE,
GERMAGNONE,CAVO,BORGOLAVEZZARO,LIBERA,BORGOLAVEZZAROdal torrente AGOGNA in località CASCININO della CHIUSA,poche centinaia di metri,confine con la provincia di PAVIA in comune di NICORVO,
GIULIA,FONTANA,GRANOZZO,LIBERA,a ovest frazione MONTICELLO in comune di GRANOZZO,si sviluppa per circa un chilometro,confine con la Provincia di PAVIA in comune di CONFIENZA,
GOTTARDINO,FONTANA,SOZZAGO - CERANO,A.P.D.,testa di fontana,tutto il corso,confine provinciale,FISHING TOUR
GRUA,TORRENTE,POGNO - GOZZANO - BORGOMANERO,LIBERA,ALPE GRUA in Comune di POGNO,GOZZANO - PIOVINO - BORGOMANERO,TORRENTE AGOGNA - BORGOMANERO,
GUIDA o ROGGIA CONTE CASTELLANI,ROGGIA,CAVAGLIETTO - BARENGO - MOMO,LIBERA,CAVAGLIETTO (nasce dal torrente Agogna sopra la confluenza del torrente SIZZONE),"BARENGO (C.na S.CLEMENTE, Mulino NUOVO, Mulino di SOLAROLO)",GUIDETTA (C.na SOLAROLO in Comune di BARENGO),
GUIDETTA,ROGGIA,CAVAGLIO D'AGOGNA - CAVAGLIETTO - BARENGO - BRIONA,LIBERA,CAVAGLIO,CAVAGLIETTO BARENGO BRIONA frazione PROH,ROGGIA MORA a valle del cimitero di BRIONA,
IMMACOLATA,FONTANA,TERDOBBIATE - TORNACO - BORGOLAVEZZARO,LIBERA,nasce a sud del territorio comunale di TERDOBBIATE,entra nel comune di TORNACO e dopo un breve tratto nel comune di BORGOLAVEZZARO,confine con provinciale di PAVIA in comune di ALBONESE,
ISNARDI,CAVO,SAN NAZZARO SESIA,LIBERA,SAN NAZZARO SESIA località CASCINALE dal canale CAVOUR,scorre parallela al fiume SESIA,confine con la provincia di VERCELLI in comune di VILLATA,
LAGNA,RIO (TORRENTE),POGNO - S.MAURIZIO D'O.,LIBERA,POGNO (dove vi si immette il fosso scarpia),S. MAURIZIO,LAGO D'ORTA (località LAGNA in Comune di S. Maurizio d'Opaglio,
LAGO MAGGIORE,LAGO,,(DIRITTO ESCLUSIVO) Principe Gilberto BORROMEO Amministrazione Borromeo - Isola Bella - 28838 - STRESAgestione FIPSAS e Cooperativa Pescatori Professionisti del Lago Maggiore,"LAGO MAGGIORE compreso lungo i territori rivieraschi dei Comuni di Lesa, Meina, Arona, Mercurago e Castelletto Ticino",,,
LAMA DI BARCELLONA,LANCA,GALLIATE,ASSOC. PESCAT. DILETTANTI GALLIATESI,GALLIATE,"dalla linea partente dal Mulino del Pericolo passante a m. 58,20 a sud del fabbricato condominiale eretto all'inizio del primo scaricatore del Naviglio al confine territoriale tra il Comune di Galliate e il Comune di Romentino",NAVIGLIO SFORZESCO (PONTE DELLA BINDA),FISHING TOUR
LANCA CROCE,CAVO,TRECATE,ASSOCIAZ. PESCATORI TRECATESI,TRECATE località BOSCO DANICO (S. MARTINO),6000 METRI,TRECATE (BAGNO DEL LINO),
LANGOSCO,NAVIGLIO,ROMENTINO,EST SESIA - GESTIONE APD,confine Comune di Galliate,tutto in Comune di Romentino per mt. 3157,edificio di scarico nella roggia Molinara,
LANGOSCO,NAVIGLIO,GALLIATE,"COMUNE DI GALLIATE - P.zza Martiri della Libertà, 28 – 28066 GALLIATE - GESTIONE A.P.D. GALLIATESI",GALLIATE,"dalla linea partente dal Mulino del Pericolo passante a m. 58,20 a sud del fabbricato condominiale eretto all'inizio del primo scaricatore del Naviglio al confine territoriale tra il Comune di Galliate e il Comune di Romentino",CONFINE CON ROMENTINO,
LANGOSCO,CANALE,CERANO - TRECATE,EST SESIA - GESTIONE APD,TRECATE,m. 2573 compresi tra i ponti a servizio delle strade comunali San Cassiano (Trecate) e Bagno Posto (Cerano),CERANO,
LANGOSCO,NAVIGLIO,ROMENTINO - TRECATE,EST SESIA - GESTIONE APD,da Ticino ROMENTINO,"tratto di mt. 3035 compreso tra l'edificio di scarico della roggia Molinara alla progr.va 10700, in Comune di Romentino ed il ponte a servizio della strada comunale San Cassiano alla progr.va 13735, in Comune di Trecate",TRECATE,FISHING TOUR
LANGOSCO,NAVIGLIO,CERANO,EST SESIA - GESTIONE APD,CERANO,tratto di mt. 3085 compreso tra il ponte a servizio della strada comunale Bagno alla progr.va 16308 ed il confine con il Comune di Cassolnovo alla progr.va 19393 in Comune di Cerano,CERANO,FISHING TOUR
LAURA,CAVO,SAN PIETRO MOSEZZO frazione NIBBIA,LIBERA,SAN PIETRO MOSEZZO nasce dal canale CAVOUR in località laghetti OBBIADINO,sottopassa la strada provinciale 11 SAN PIETRO - BIANDRATE,si immette nella roggia PELTRENGA strada SAN PIETRO - GIONZANA,
LAURA,CAVO (annesso roggia Biraga),CASALINO,EST SESIA - GESTIONE APD,dalla Biraga,tutto il corso,a perdersi,
LIRONE,TORRENTE,GATTICO - VERUNO - BORGOMANERO - CRESSA - FONTANETO D'AGOGNA,LIBERO,GATTICO,C.na MOTTOGROSSO S. Cristina di Borgomanero C.na LIRONE di Veruno C.na VALLAZZETTA C.na CARISTO S. Cristina di Borgomanero CRESSA FONTANETO D'AGOGNA,Torrente AGOGNA in comune di FONTANETO,
LISCIOTTO,CAVO,CERANO,F.I.P.S.A.S.,CERANO,ESTENSIONE DIRITTO SUL FIUME TICINO,CERANO,
LUSERTA,FONTANA,TRECATE,ASSOCIAZ. PESCATORI TRECATESI,strada Moneta in comune di TRECATE,3500 METRI,TRECATE,FISHING TOUR
MAGIACCA,TORRENTE,GRIGNASCO,LIBERA,VALDUGGIA (Provincia di VERCELLI),ARA,FIUME SESIA in comune di GRIGNASCO,
MAINASCA,RIO,ARMENO SOVAZZA,LIBERA,Alpe BOCCIOLI,Alpe GIROMBELLO,torrente AGOGNA in comune di ARMENO,
MALPAGA,FONTANA,LANDIONA,LIBERA,nasce in località MALPAGA al confine con il comune di Sillavengo,percorre circa un chilometro,si immette nella fontana BUGLIA,
MANETTA,FONTANA,CALTIGNAGA - CAMERI,A.P.D.,testa di fontana,tutto il corso,in Terdoppio,
MANETTE,FONTANA,BELLINZAGO NOV. - CALTIGNAGA,LIBERA,BELLINZAGO nelle vicinanze del torrente TERDOPPIO località TESE SOPRA,dopo breve percorso entra nel comune di CALTIGNAGA frazione Sologno in località Sabai. Sotto confluisce nella frazione ACQUABONA,CALTIGNAGA frazione Acquabona,
MANZOLA,FONTANA,SAN PIETRO MOSEZZO,LIBERA,nasce nelle vicinanze della cascina MANZOLA in frazione Mosezzo,sottopassal'A4 TO-MI ed in canale Cavour,a EST della frazione Mosezzo si immette nel cavo PIATTI,
MARCO,FONTANONE,VAPRIO A.,F.I.P.S.A.S.,VAPRIO A.,AFFLUENTE CAVO CID,VAPRIO A.,
MARIINA,LAGHETTI (scavi di bonifica),GARBAGNA NOV.,A.P.D.,,tutta l'area,,FISHING TOUR
MARTELLETTO,FONTANA,GRANOZZO,LIBERA,adiacenze cascina Martelletto in comune di GRANOZZO,si sviluppa per circa un chilometro,confine con Pavia in comune di CONFIENZA,
MASSARA o della GAGLIARDA,FONTANA,MANDELLO VITTA - CASALEGGIO,LIBERA,nasce vicinanze cascina GAGLIARDA comune di MANDELLO VITTA,"sottopossa la strada provinciale MANDELLO- CASTELLAZZO in prossimità del cavalcavia F.S. NOVARA-BIELLA costeggia la cascina S.ROCCO, quindi dopo aver ricevuto le acque della fontana FONTANONE a nord del canale D.A.N. entra nel comune di CASALEGGIO",si immette nella fontana MOLINARA in comune di CASALEGGIO,
MEJA,TORRENTE,BOGOGNO - SUNO - GATTICO - AGRATE C. - VERUNO,LIBERA,GATTICO,VERUNO (verso REVISLATE e poi in confine con AGRATE) BOGOGNO (c.na SABBIONERA),TORRENTE AGOGNA in Comune di VAPRIO D'AGOGNA,
MIETTA,FONTANA,TRECATE - SOZZANO,LIBERA,nasce in località cascina Colonga in comune di TRECATE,sottopassa il TERDOPPIO entrando in comune di SOZZAGO,si disperde nelle campagne adiacenti alla cascina MIETTA,
MIRABELLA o MIETTA,FONTANA,TRECATE - NOVARA - CERANO,ASSOCIAZ. PESCATORI TRECATESI,NOVARA,NOVARA 5000 METRI,CERANO,
MOIA,FONTANA,CAMERI,LIBERA,CAMERI parco Ticino in località QUERCIA,scorre all'interno del parco,CAMERI confluisce nella stessa lanca sopracitata,
MOLINARA,ROGGIA (annessa roggia Busca),CASALINO (ORFENGO),EST SESIA - GESTIONE APD,dalla Busca,tutto il corso,a perdersi,
MOLINARA,ROGGIA,GALLIATE,"COMUNE DI GALLIATE - P.zza Martiri della Libertà, 28 – 28066 GALLIATE - GESTIONE A.P.D. GALLIATESI",GALLIATE,"dalla linea partente dal Mulino del Pericolo passante a m. 58,20 a sud del fabbricato condominiale eretto all'inizio del primo scaricatore del Naviglio al confine territoriale tra il Comune di Galliate e il Comune di Romentino",CONFINE CON ROMENTINO,FISHING TOUR
MOLINARA,ROGGIA (annessa roggia Biraga),VICOLUNGO - BIANDRATE,EST SESIA - GESTIONE APD,dalla Biraga a Vicolungo,tutto il corso,a perdersi nei capi a Biandrate,
MOLINARA,ROGGIA (annessa roggia Busca),CASALVOLONE (PISNENGO),EST SESIA - GESTIONE APD,dalla Busca,tutto il corso,a perdersi,FISHING TOUR
MOLINARA,ROGGIA,CAMERI,LIBERA,dal TICINO in comune di POMBIA,il tratto libero è solo nel comune di CAMERI all'interno del PARCO del TICINO,CAMERI in località cascina BORNAGO confluisce in una lanca in concessione ai privati (CAMERESI),
MOLINARA,ROGGIA (annessa roggia Busca),MANDELLO VITTA,EST SESIA - GESTIONE APD,dalla Busca,tutto il corso,,
MOLINARA,ROGGIA,CERANO - ROMENTINO - TRECATE,EST SESIA - GESTIONE APD,ROMENTINO dal confine della concessione di pesca GALLIATESI sita a circa 300 metri dalla cascina GERANO,"scorre interamente nel PARCO DEL TICINO e dopo aver oltrepassato la località MANDELLI entra in TRECATE frazione SAN MARTINO CERANO località BAR VENEZIA, quindi dopo aver sottopassato il naviglio SFORZESCO diventa in concessione FIPSAS",CERANO villa GIULIA confine con la provincia di PAVIA in comune di CASSOLNOVO,FISHING TOUR
MOLINARA,ROGGIA,BELLINZAGO - MARANO TICINO - OLEGGIO - POMBIA,CONS. INTERCOM. ROGGIA MOLINARA,POMBIA,dall'imbocco presso il Comune di Pombia fino al confine del territorio di Bellinzago compreso,BELLINZAGO,FISHING TOUR
MOLINARA,ROGGIA,COLAZZA,LIBERA,torrente TIASCHELLA,località LAVATOIO in comune di COLAZZA,Torrente TIASCA in comune di COLAZZA,
MOLINARA,ROGGIA,CAVAGLIO D'A. - FONTANETO D'AGOGNA - CAVAGLIETTO,LIBERA,FONTANETO (dal torrente Sizzone),CAVAGLIO D'AGOGNA CENTRO,CAVAGLIETTO (torrente Sizzone),
MOLINARA,ROGGIA (annessa roggia Busca),CASALEGGIO/GARGA RENGO - VICOLUNGO - BIANDRATE,EST SESIA - GESTIONE APD,dalla Busca,Tutto i corso,a perdersi,FISHING TOUR
MOLINARA,ROGGIA,MANDELLO VITTA - CASALEGGIO - CASTELLAZZO NOV.SE - SAN PIETRO MOSEZZO,LIBERA,nasce dalla roggia BUSCA in località cascina FAESINA in comune di MANDELLO,dopo breve percorso si divide in due rami: PRIMO RAMO si immette nella roggia BUSCA SECONDO RAMO continua nel comune di CASTELLAZZO dopo breve percorso sottopassa il canale D.A.N. entra in comune di CASALEGGIO. Poi,in località GARGARENGO entra in comune di S.PIETRO M. e scarica nel canale COVOUR,
MOLINARA,ROGGIA,LANDIONA - VICOLUNGO - BIANDRATE,EST SESIA - GESTIONE APD,nasce dal fiume SESIA al Km.15 dell'argine EST in comune di LANDIONA,attraversa Landiona incrocia nel D.A.N. in comune di VICOLUNGO per poi attraversare il centro abitato e proseguire nel comune di BIANDRATE,si disperde nelle campagne,FISHING TOUR
MOLINARA,ROGGIA,CRESSA,EST SESIA - GESTIONE FIPSAS,BORGOMANERO,dalla derivazione sul Torrente Agogna in Comune di Borgomanero allo sbocco del Cavo Borromeo in Comune di Cressa,CRESSA,FISHING TOUR
MOLINARA,ROGGIA,CERANO,F.I.P.S.A.S.,CERANO,ESTENZIONE DEL DIRITTO SUL FIUME TICINO,CERANO,FISHING TOUR
MOLINARA,ROGGIA (annessa roggia Busca),CARPIGNANO S.,EST SESIA - GESTIONE APD,dalla Busca,tutto i corso,in Busca,FISHING TOUR
MOLINARA,ROGGIA (annessa roggia Busca),SILLAVENGO,EST SESIA - GESTIONE APD,dalla Busca,tutto il corso,,FISHING TOUR
MOLINARA,ROGGIA (annessa roggia Biraga),BIANDRATE,EST SESIA - GESTIONE APD,DA Biraga di iandrate,tutto il corso,a perdersi nei campi a Biandrate,FISHING TOUR
MOLINARA,ROGGIA (annessa roggia Busca),CASALEGGIO,EST SESIA - GESTIONE APD,da Busca,tutto il corso,,FISHING TOUR
MOLINARA,ROGGIA (annessa roggia Busca),CASALBELTRAME (FISRENGO),EST SESIA - GESTIONE APD,dalla Busca,tutto il corso,a perdersi,FISHING TOUR
MOLINI DELLA VEDOVA,TORRENTE,POGNO,LIBERA,POGNO,POGNO,TORRENTE GRUA in Comune di POGNO,FISHING TOUR
MONFERRONA,FONTANA,VAPRIO,F.I.P.S.A.S.,VAPRIO A.,AFFLUENTE CAVO CID,VAPRIO A.,FISHING TOUR
MONTEBELLO,CAVO,RECETTO - SAN NAZZARO S.,EST SESIA - GESTIONE FIPSAS,,dal canale Cavour all'edificio di ferma per la derivazione del cavo Cremona,,
MONZA,LANCA DEL TICINO,ROMENTINO,EST SESIA - GESTIONE APD,,dal lato nord al 200 metri a monte de4l ponte A4,,FISHING TOUR
MORA,ROGGIA,NOVARA TRECATE,EST SESIA - GESTIONE FIPSAS,PERNATE,dalla deviazione del torrnte terdoppio in frazione Pernate al partitore di Trecate,TRECATE,FISHING TOUR
MORA,ROGGIA,ROMAGNANO S. - GHEMME - SIZZANO - FARA NOV.,EST SESIA - GESTIONE FIPSAS,ROMAGNANO S.,dall'ultima Centrale di Romagnano Sesia a valle fino alla presa per il canale di adduzione della roggia Busca in Comune di Fara Nov. -dalle porte di Romagnano S. fino lla centrale idroelettica in Regione Castellazzo,FARA NOV.,FISHING TOUR
MORA,ROGGIA,ROMAGNANO S. - PRATO SESIA,LIBERA,PRATO SESIA,ROMAGNANO SESIA,CAVO CRESPI in Comune di ROMAGNANO,
MORA,ROGGIA,FARA - BRIONA - S. PIETRO - NOVARA,A.P.D.,DAL Sesia,"tra l'abitato di Fara e il Torrente Terdoppio in Comune di Novara, compreso lo scaricatore in Agogna",NOVARA,FISHING TOUR
MORA,FONTANA,LANDIONA,LIBERA,nasce in località terreni MORA tra LANDIONA e SILLAVENGO,prosegue per circa un chilometro e mezzo,si immette nella fontana MORMA,
MORA CAMERONA,ROGGIA,SOZZAGO - CERANO,EST SESIA - GESTIONE FIPSAS,SOZZAGO,dal partitore della Mietta (Sozzago) al partitore della Comerona (Cerano) compreso il tratto in servizio del Mulino Santa Maria (Sozzago),CERANO,FISHING TOUR
MORA CERCA,ROGGIA,TRECATE CERANO,EST SESIA - GESTIONE FIPSAS,TRECATE,dal partitore mora di Trecate fino al partitore delle Staffe di Cerano,CERANO,
MORETTA,ROGGIA,TRECATE - CERANO,EST SESIA - GESTIONE FIPSAS,TRECATE,dal partitore Mora di Trecate fino alla confluenza nella roggia Camerona (Sozzago),CERANO,FISHING TOUR
MORINA,FONTANA,SILLAVENGO - LANDIONA - VICOLUNGO - CARPIGNANO SESIA,LIBERA,nasce in località campo nomadi in comune di CARPIGNANO SESIA. Continua in località cascina VALTOPPA in comune di SILLAVENGO,"dopo circa 200 metri entra in comune di LANDIONA - attraversa il centro abitato raccogliendo le acque delle fontane: MORA, VIDIA, BUGLIA, MALPAGA, PENNINO per entrare poi nel comune di VICOLUNGO",si immette nella roggia MOLINARA,
MOTTA,FONTANA,NOVARA FRAZ. PERNATE,ASS. PESC. FONTANA MOTTA,PERNATE,,PERNATE,FISHING TOUR
NEGRETTO,CAVO,CERANO,EST SESIA - GESTIONE FIPSAS,CERANO,ESTENSIONE DIRITTO SUL FIUME TICINO,CERANO,
NIBBIA di,FONTANONE,NIBBIA - S. PIETRO - CASALINO,FIPSAS,testa di fontana,tutto il corso,immissione nel cavo Cattedrale,
NIVELLINA E NIVELLINA IN TERDOPPIO,FONTANA + scaricatore,NOVARA - CAMERI,EST SESIA - GESTIONE APD,TESTA DI FONTANA in Comune di Novara,tutto il corso,confluenza nel torrente Terdoppio,FISHING TOUR
NUOVA,FONTANA,GRANOZZO,A.P.D.,testa di fontana,tutto il corso,confine provinciale,FISHING TOUR
NUOVA,FONTANA,TRECATE,ASSOCIAZ. PESCATORI TRECATESI,a fianco strada regionale 11 TRECATE- NOVARA,2500 metri,TRECATE,FISHING TOUR
NUOVA,FONTANA,SOZZAGO,LIBERA,nasce dal cavetto Ospedale (concessione privata),BREVE TRATTO,confluisce nella fontana TOMBONE,
OCA,FONTANA,LANDIONA,LIBERA,nasce a nord della cascina CALIFORNIA,prosegue per circa un chilometro,confluisce nel cavo CAVACCIO,
OLIANO,ROGGIA,CASTELLETTO T. - BORGOTICINO,LIBERA,IMPRE' in comune di BORGOTICINO,località BEATI in comune di CASTELLETTO TICINO,RIO SCOLATOI in comune di CASTELLETTO TICINO,
ONDELLA,TORRENTE,ARMENO affluenti del torrente ONDELLA nel comune di ARMENO: rivo Marculega/di Lega - rivo Ondellaccio - rivo di Gattogno - rivo Gragnasca/Gagnasca - rivo di Barchel -,LIBERA,ALPE VALPIANA,Alpe Gattogno fondo Roleia,torrente AGOGNA in comune di Armeno,
ORCIUOLO,RIO,FONTANETO D'A. - CRESSA - Baraggia di SUNO - VAPRIO D'Agogna - MOMO - CALTIGNAGA - CAMERI,LIBERA,FONTANETO D'AG.,attraverso i comuni seguendo un percorso più o meno parallelo alla Strada Regionale 229,Torrente TERDOPPIO (Cascina Argine in comune di Cameri),
ORIALE,FOSSO,"BARENGO, BRIONA",LIBERA,ZONA UNO,parallela a breve distanza dalla roggia GUIDETTA percorso uguale,BRIONA frazione PROH entra nella roggia MORA poco a valle del cimitero,
ORIALE,CAVO,VINZAGLIO,LIBERA,VINZAGLIO a SUD della cascina SAPORITO,VINZAGLIO,si immette nella fontana GALLARATI SCOTTI dietro al castello di VINZAGLIO,
ORIALE,FOSSO,CAVAGLIETTO - BARENGO - BRIONA,LIBERA,CAVAGLIETTO,BARENGO - PROH,Roggia MORA nella frazione PROH all'altezza del cimitero,
ORIOLO,FONTANA,VICOLUNGO,LIBERA,nasce in località BARAGGIOLA,sottopassa la strada provinciale Recetto- Landiona e l'autostrada TO-MI,confluisce nella ROGGIA BIRAGA (concessione A.P.D.) prima del Canale Cavour,
ORLANDINA,FONTANA,CALTIGNAGA - CAMERI,A.P.D.,testa di fontana,tutto il corso,nel Terdoppio,
OROFREDDO,COLATORE,S. NAZZARO S.,EST SESIA - GESTIONE FIPSAS,S. NAZZARO S.,dall'origine in continuazione del cavo Montebello alla confluenza con la roggia Villata,S. NAZZARO S.,
OROFREDDO,FONTANA,NOVARA - GRANOZZO,LIBERA,A SUD frazione PAGLIATE in comune di NOVARA,dopo aver oltrepassato la cascina BERTAZZOLA entra nel comune di GRANOZZO aggirando ad OVEST la frazione Monticello sino ad confine della provincia di PAVIA,confine PAVIA con comune di CONFIENZA,
ORTA,LAGO,TUTTI QUELLI CHE SI AFFACCIANO SUL LAGO,LIBERA,-----------------------,-------------------------,--------------------,
OSPEDALE,CAVO,SOZZAGO,ASSOCIAZ. PESCATORI SOZZAGO,a valle canale TERDOPPIO,2000 METRI,SOZZAGO,
OSPEDALE e LEONARDI,CAVI,CASALINO,LIBERA,CASALINO nasce dalla roggia BUSCA assumendo il nome di cavo OSPEDALE località cascina SERENA,CASALINO dopo breve tratto riceve le acque della frazione PREALBA modificando il nome in cavo LEONARDI,CASALINO si immette nella roggia MOLINARA nei pressi dell'ex cascina SVERGELLATA,
OSPEDALE o DI FARA,CAVO,FARA - BRIONA - CASTELLAZZO - CASALEGGIO,LIBERA,FARA a SUD del paese dalla roggia MORA,dopo breve tratto entra nel comune di BRIONA scorrendo parallelo alla roggia MORA quindi entra nel comune di CASTELLAZZO. Dopo breve percorso entra nel comune di CASALEGGIO prendendo le acque dal cavo PIATTI confluendo nella fontana DEL CASTELLO,CASALEGGIO confluisce con la fontana DEL CASTELLO,
PADULLI,FONTANA,TRECATE,ASSOCIAZ. PESCATORI TRECATESI,sotto ferrovia MILANO-TORINO,2000 METRI,TRECATE,
PADULLI E VECCHIA RIUNITE (MAGAZZENO),FONTANA o CAVO,TRECATE - SOZZAGO,ASSOCIAZ. PESCATORI SOZZAGO,Radio Favo Aeronautica,6000 metri,SOZZAGO,
PANIZZINA,CAVO,SAN PIETRO MOSEZZO - GRANOZZO- MONTICELLO - NOVARA - VESPOLATE,EST SESIA - GESTIONE FIPSAS,SAN PIETRO MOSEZZO dal canale CAVOUR ai laghetti OBBIADINO,dopo aver sottopassato la S.P. 11 Novara-San Pietro M. zona industriale adiacente al BAR KLIPPER entra nel comune di Novara fraz. Casalgiate e dopo aver oltrepassato la strada statale 11 NO/VC costeggia la frazione Lumellogno località cimitero e la fraz.P,VESPPOLATE confine con provincia di PAVIA in comune di CONFIENZA,FISHING TOUR
PANOSA,LANCA,GALLIATE,ASSOC. PESCAT. DILETTANTI GALLIATESI,GALLIATE,alimentata da acqua sorgiva e dalle piene stagionali del Fiume Ticino,"specchio d'acqua ""chiuso"" occasionalmente comunicante col Fiume Ticino durante le piene stagionali",FISHING TOUR
PASSONE,FONTANA,CASALVOLONE,LIBERA,CASALVOLONE località Case PAVESI zona acquedotto,"dopo breve tratto, riceve le acque della frazione CAVALLETTO che si divide in due rami",PRIMO ramo entra nel cavo SAINO SECONDO ramo entra negli scarichi urbani del paese,
PASSONE o AGOGNA VECCHIA,RIO,BRIGA NOV. - INVORIO - BORGOMANERO,LIBERA,INVORIO,sul confine tra INVORIO e BRIGA NOV. BRIGA NOV. - CASCINA FALCINA BORGOMANERO,Torrente AGOGNA in comune di BORGOMANERO,
PELLINO,TORRENTE,PELLA,F.I.P.S.A.S. Dal ponte di CESARA alla centrale LIBERO da sopra la centrale,COLMA in provincia del V.C.O.,AROLA (V.C.O.) PELLA,LAGO D'ORTA in comune di PELLA,
PELLINO - PLESINA,TORRENTI - Diritto Demaniale Provincia,S. MAURIZIO D'OPAGLIO,F.I.P.S.A.S.,S. MAURIZIO O.,,S. MAURIZIO O.,
PELTRENGA,ROGGIA,SAN PIETRO MOSEZZO fr. NIBBIA - CASTELLAZZO - BRIONA - CASALEGGIO - NOVARA - CASALINO - GRANOZZO,LIBERA,CASTELLAZZO dalla ROGGIA CONTURINA,"BRIONA vicinanze cascina MAURIZIA, proseguendo in comune di Casaleggio, nei pressi della cascina Dei Prati entra nel comune di S.Pietro fraz. Mosezzo e scorrendo ad OVEST prosegue nel comune di NOVARA frazione GIONZANA e dopo aver sottopassato la S.S. Nov",GRANOZZO confine con la provincia di PAVIA nel comune di CONFIENZA,
PENNINO,FONTANA,SILLAVENGO - LANDIONA,LIBERA,nasce in località cascina PENNINO in comune di SILLAVENGO,dopo circa 200 metri entra in comune di LANDIONA,al NORD di LANDIONA si immette nella fontana MORINA,
PERGALLO o SIZZONE di VERGANO,TORRENTE,BORGOMANERO - GARGALLO - SORISO,LIBERA,località GELATA (Soriso) dall'affluenza di: rio di PIANZOLA - rio di PULE - rio di BARZAIGA - rio di CARNELLA,SORISO GARGALLO BORGOMANERO,Torrente SIZZONE in comune di BORGOMANERO,
PESCONE,TORRENTE,ARMENO - PETTENASCO,LIBERA,ALPE VALLACCIA in provincia del V.C.O.,"ALPE VERMINASCA (V.C.O.), ARMENO, PETTENASCO",LAGO D'ORTA in comune di PETTENASCO,
PIATTI,CAVO,S.PIETRO MOSEZZO - CASALINO - GRANOZZO,EST SESIA - GESTIONE FIPSAS,S.PIETRO MOSEZZO,dal Canale Cavour in Comune di S. Pietro M. fino al sottopasso della Roggia Biraga in Comune di Granozzo,GRANOZZO,
PIETTA,CAVO,VESPOLATE - BORGOLAVEZZARO,LIBERA,proviene dalla provincia di PAVIA in comune di CONFIENZA soprapassando il torrente AGOGNA nel comune di VESPOLATE in località cascina BERTOTTINA,entra nel comune di BORGOLAVEZZARO dove prende il nome di CAVO OSPEDALE,confine in provincia di PAVIA in comune di NICORVO,
PIETTA,FONTANA,NOVARA - GRANOZZO MONTICELLO,A.P.D.,testa di fontana,tutto il corso,confine provinciale,FISHING TOUR
PILONA,CAVO,CERANO,LIBERA,nasce dalla roggia CERANA doco dopo l'abitato in direzione CASSOLNUOVO,si sviluppa per circa 300 metri,s'immette nel collettore PRATI NUOVI,
PLEZZA,CAVO,TORNACO - BORGOLAVEZZARO,F.I.P.S.A.S.,TORNACO,dall'origine (Tornaco) fino al partitore della Chiappona (Mortara per la parte ricadente in Provincia di Novara,MORTARA,FISHING TOUR
PORTA,FONTANA,NOVARA,A.P.D.,testa di fontana a monte del fabbricato del podere Cassinazza,tutto il corso,a perdersi,
PRATI NUOVI,COLLETTORE,CERANO,EST SESIA - GESTIONE FIPSAS,è il proseguimento della roggia CERANA dal punto di uscita dei due rami sopracitati di cui ne raccoglie le acque,attraversa le campagne a EST dell S.S. per VIGEVANO,confine con provincia di PAVIA in comune di CASSOLNUOVO,FISHING TOUR
PRATO GRIGIO,FONTANA,CAMERI,F.I.P.S.A.S,CAMERI,dalla sorgente in Bertinelle Vecchia al termine nel Cavo Argine di Cameri,CAMERI,FISHING TOUR
PRERRO,ROGGIA,POGNO,LIBERA,Alpe Col BERNARDO,Località MOLINO,Torrente GRUA in comune di POGNO,
PRINCIPI dei,CAVO,NON ATTIVO,A.P.D.,testa di fontana,tutto il corso,,FISHING TOUR
QUARTI,CAVO,TERDOBBIATE - TORNACO,LIBERA,nasce a SUD dell'abitato di TERDOBBIATE,entra nel comune di TORNACO in località cascina TAMBUSSA,s'immette nel cavo PLEZZA (concessione FIPSAS) in località CIMITERO,
QUINTINO SELLA,DIRAMATORE,NOVARA - GARBAGNA - TERDOBBIATE - TORNACO,EST SESIA - GESTIONE APD,imbocco dal Canale Cavour a Veveri (Novara),tutto il corso,confine provinciale,FISHING TOUR
REGINA ELENA,CANALE,VARALLO POMBIA - POMBIA - MARANO T. - OLEGGIO - BELLINZAGO - CAMERI - NOVARA,EST SESIA - GESTIONE APD,Imbocco fiume Ticino Varallo Pombia,tutto il corso,Versatore nel Canale Cavour a Veveri Comune Novara,
REM,TORRENTE,MAGGIORA - CUREGGIO - FONTANETO - CAVAGLIO - FARA - BRIONA,LIBERA,MAGGIORA,Scorre tra le colline e dopo essere entrato nel comune di BRIONA confluisce nel torrente STRONA,BRIONA si immette nel torrente STRONA,
RESE O SCOLATOIO,FOSSO (diritto esclusivo demanio provinciale),BORGOTICINO - PARUZZARO - COMIGNAGO - OLEGGIO C. - CASTELLETTO TICINO,A.P.D.,OLEGGIO CASTELLO da sorgive,COMIGNAGO - BORGOTICINO - CASTELLETTO TICINO,LAGO MAGGIORE in Comune di CASTELLETTO TICINO,FISHING TOUR
RETTA,ROGGIA,CERANO,LIBERA,è il secondo ramo della roggia CERANA,parallela a quella sopra descritta,s'immette nel collettore PRATI NUOVI,
RIAL,RIO,MIASINO,LIBERA,località S. LUCIA,CARCEGNA,LAGO D'ORTA MIAS,
RICCA,CAVO,NOVARA,EST SESIA - GESTIONE FIPSAS,NOVARA canale CAVOUR in frazione VIGNALE,"dopo aver oltrepassato l'autostrada A4 entra in città nel quartiere S.ANDREA (Via Locchi, Via Oxilia, Via Porta, Viale Dante) scorre tombato e ne esce in quartiere Vill. DALMAZIA perdendosi nelle campagne del TORRION QUARTARA",NOVARA frazione TORRION QUARTARA,
RIGOLINA,ROGGIA,VINZAGLIO,LIBERA,nasce dalla frazione del PORTONE a NORD della cascina del CONTE sita a NORD del paese,attraversa la frazione PERNASCA,confluisce nel cavo CROCETTO (concessione FIPSAS) in località cascina SCAVARDA,
RILE,CAVO,NIBBIOLA - GARBAGNA - VESPOLATE,LIBERA,GARBAGNA - VALLE ARBOGNA,dopo breve percorso entra nel comune di NIBBIOLA e dopo aver attraversato la strada provinciale NIBBIOLA- MONTICELLO entra nel comune di VESPOLATE dove si divide in due rami: I° scarica nell'AGOGNA 2° origina il cavo DESSI,VESPOLATE,
RISTOLFA,FONTANA,SAN PIETRO MOSEZZO,LIBERA,nasce nelle vicinanze della cascina BRIGNOLO in frazione NIBBIA,sottopossa l'A4 TO-MI ed il canale CAVOUR,confluisce nel cavo PIATTI nelle vicinanze della cascina CA' BIANCA,
RITO,RIO,DIVIGNANO - MARANO TICINO - OLEGGIO - MOMO,LIBERA,DIVIGNANO,cascina ROCCHETTA a MEZZOMERICO OLEGGIO cascina ZANI in località FORNACI,Torrente TERDOPPIO vicino alla cascina LINDUNO in comune di MOMO,
ROCCIA,TORRENTE,PRATO SESIA,LIBERA,Motto Cercè,PRATO SESIA,Fiume SESIA in comune di PRATO SESIA,
ROCCIA,ROGGIA (TORRENTE),PRATO SESIA,LIBERA,COLMETTO in comune di PRATO SESIA,Cascina PIANA in frazione GABBIO,ROGGIA MORA in comune di PRATO SESIA,
ROGGIOLA,FONTANA,GARBAGNA - NIBBIOLA,LIBERA,nasce in prossimità della stazione ferroviaria di GARBAGNA in località tenuta PASCOLI,entra per un breve tratto nel comune di NIBBIOLA,si disperde nelle campagne,
ROGGIOLA,FONTANA,TRECATE - SOZZAGO,LIBERA,nasce in località COLONGA nel comune di TRECATE,sottopassa il torrente TERDOPPIO entra nel comune di SOZZAGO,s'immette nel raccoglitore REFREDDO (concessione privata) in località cascina MIETTA,
RONDINO,FONTANA,CASALVOLONE,EST SESIA - GESTIONE APD,CASALVOLONE,dal capofonte allo sbocco nel fontanile,CASALVOLONE,
ROSALA,FONTANA,SOZZAGO - CERANO,LIBERA,nasce dalle vicinanze della cascina ROSALA in comune di SOZZAGO,dopo aver oltrepassato la Strada provinciale Sozzago-Cerano entra in comune di CERANO in località cascina ISOLA.,confine con provincia di PAVIA in comune di CASSOLNUOVO,
S. MARTINO e sue derivazioni,FONTANA,CAMERI,F.I.P.S.A.S,CAMERI,dalla zona proto grande allo sbocco nella Fontana Valazza,CAMERI,
S. SEBASTIANO,FONTANA,S.NAZZARO SESIA,LIBERA,nasce in località CAMPACCIO,attraversa il paese,si immette nella roggia VECCHIA,
SAINI,CAVO,CASALVOLONE,LIBERA,,,,
SAINO,CAVO,CASALVOLONE,LIBERA,CASALVOLONE a monte strada di collegamento con la frazione di PISNENGO,dopo aver oltrepassato la citata strada nei pressi della cascina TOPPIE entra nella provincia di VERCELLI (BORGOVERCELLI),CASALVOLONE confine con la provincia di VERCELLI in comune di BORGOVERCELLI,
SAN GERMANO,FONTANA,SILLAVENGO - MANDELLO VITTA,LIBERA,nasce a ovest del cimitero di SILLAVENGO,sottopassa la roggia BUSCA in località cascina SCIAREA sopra ed entra in comune di MANDELLO VITTA,si immette nella ROGGIA BIRAGA dopo la cascina DELLE OCHE in comune di MANDELLO,
SAN GIUSEPPE,FONTANA,SAN PIETRO MOSEZZO - NOVARA,LIBERA,nasce in località cascina POSTA in comune di SAN PIETRO MOSEZZO,"sottopassa la strada provinciale NOVARA- S.PIETRO, quindi entra nel comune di NOVARA",si perde tra le campagne in frazione di CASALGIATE nel comune di NOVARA,
SAN GIUSEPPE,FONTANA,RECETTO,LIBERA,Regione SAN GIUSEPPE,sottopassa il canale CAVOUR in prossimità della strada provinciale BIANDRATE - RECETTO dividendosi in due rami,PRIMO RAMO si immette nella roggia BOLGORA SECONDO RAMO si immette negli scarichi del paese,
SAN PIETRO,CAVO,ROMENTINO - TRECATE,EST SESIA - GESTIONE APD,diramatore vigevano al salto S. Pietro in Comune di Romentino,tutto il corso,bocche termali al salto S. Martino in Comune di Trecate,
SAN ROCCO,ROGGIA,CERANO,EST SESIA - GESTIONE FIPSAS,CERANO,dalla Roggia Cerana in tutto il suo sviluppo in Comune di Cerano,CERANO si perde nei campi,
SANTA MARIA,FONTANA,TRECATE,ASSOCIAZ. PESCATORI SOZZAGO,a fianco Strada Provinciale TRECATE- OLENGO,1500 METRI,TRECATE,FISHING TOUR
SANTA MARIA,FONTANA,VESPOLATE - NIBBIOLA,LIBERA,NIBBIOLA,dopo breve tratto entra in comune di VESPOLATE e dopo aver attraversato la strada provinciale VESPOLATE- TORNACO si immette nel torrente ARBOGNA,VESPOLATE,
SANT'ANTONIO,FONTANA,CASALEGGIO,LIBERA,nasce in località laghetto pesca da due sorgenti che dopo poche decine di metri confluiscono,riceve le acque di scarico del laghetto di pesca. Percorre un breve tratto,confluisce nel cavo PIATTI in località cascina Bontalento,
SAPORITI,CANALE,GALLIATE,SOCIETA' PESCATORI DILETTANTI GALLIATESI,GALLIATE,dalla sua origine dal fiume TICINO alla confluenza nella lama BARCELLONA,lama BARCELLONA,
SCOGNA,RIO,ARMENO,LIBERA,,,,
SCOTTI o GALLARATI,FONTANA,VINZAGLIO,LIBERA,VINZAGLIO a SUD della cascina TORRIGGIA,VINZAGLIO riceve le acque della frazione ORIATE in località CASTELLO e oltrepassa la strada provinciale in direzione torrione di VINZAGLIO,VINZAGLIO confine con la provincia di PAVIA in comune di PALESTRO,
SELVA,FONTANA,BIANDRATE,LIBERA,,,,
SENELLA - SENELLETTA,FONTANA,TORNACO - TRECATE - SOZZAGO - TERDOBBIATE,A.P.D.,testa di fontana,tutto il corso,confine provinciale,
SESIA,FIUME,RECETTO - SAN NAZZARO,LIBERA,RECETTO,dalla fine del diritto demaniale fino al Parco Lame del Sesia per la parte di fiume ricadente in Provincia di Novara,SAN NAZZARO SESIA,
SESIA,FIUME - Diritto demaniale della provincia fino a Landiona,GRIGNASCO - PRATO SESIA - ROMAGNANO SESIA - GHEMME - CARPIGNANO S. - LANDIONA,F.I.P.S.A.S.,GRIGNASCO,dal ponte di S. Quirico in Comune di Grignasco fino all'estremo limite del Comune di Landiona,LANDIONA,FISHING TOUR SALMONIDI: dal ponte di S.Quirico fino alla filarola del Canale della Filatura di Grignasco CIPRINIDI: lama di Romagnano dal ponte stradale alla Casa sul fiume
SFORZESCO,NAVIGLIO - Scaricatori e diramazioni,TRECATE,A.P.D.,Trecate,canale di by-pass della centrale idroelettrica Moneta e tronco di collegamento con il canale ERGA S.p.a. (già ENEL) in corrispondenza del Mulino di S. Cassiano,Sforzesco in Canale ERGA SPA,FISHING TOUR
SFORZESCO,NAVIGLIO,GALLIATE,EST SESIA - GESTIONE APD,GALLIATE,"dalla linea partente dal Mulino del Pericolo passante a m. 58,20 a sud del fabbricato condominiale eretto all'inizio del primo scaricatore del Naviglio al confine territoriale tra il Comune di Galliate e il Comune di Romentino",CONFINE COMUNE DI ROMENTINO,
SFORZESCO,NAVIGLIO - Asta proncipale,ROMENTINO - TRECATE - CERANO,EST SESIA - GESTIONE APD,Lama Barcellona GALLIATE,da confine Comunalie Galliate/Romentino a confine Provinciale,CONFINE PROVINCIA,FISHING TOUR
SFORZESCO,NAVIGLIO - cavi tributrari risorgive e colatori,ROMENTINO,EST SESIA - GESTIONE APD,ROMENTINO,cavi tributrari risorgive e colatori nel bosco denominato Moimone di proprietà Gropallo per tutto il corso,GALLIATE nel Naviglio Sforzesco,FISHING TOUR
SFREGIO,ROGGIA,LANDIONA - RECETTO,LIBERA,al confine con il comune di LANDIONA,sottopassa il canale COVUR e la strada verso la località casa sul fiume vicinanze capo sportivo,si immette nel cavo MONTEBELLO,
SIMONETTA,CAVO,POMBIA,CONS. INTERCOM. ROGGIA MOLINARA,POMBIA,dalla presa del fiume Ticino alla prima chiusa in loc. Montelame,POMBIA,FISHING TOUR
SIZZONE,TORRENTE,CUREGGIO - FONTANETO - GARGALLO - MAGGIORA - CAVAGLIO D'AGOGNA - CAVAGLIETTO,LIBERA,Monte LOVAGONE in provincia di VERCELLI,"GARGALLO, MAGGIORA (autogrost), CUREGGIO, MARZALESCO, GERBIDI, FONTANETO D'AGOGNA, S. ANTONIO, CAVAGLIO D'AGOGNA, CAVAGLIETTO",CAVAGLIETTO (torrente AGOGNA),
SNELLA,FONTANA,TRECATE - SOZZAGO - TORNACO,LIBERA,TRECATE ad OVEST della cascina PARAZZOLONE,SOZZAGO dopo aver oltrepassato la strada provinciale TERDOBBIATE- SOZZAGO in località VALLINI entra nel comune di TORNACO,TORNACO frazione VIGNARELLO in provincia di PAVIA nel comune di CASSOLNOVO,
SORGENTE,ROGGIA,ROMENTINO,LIBERA,ROMENTINO nasce dalla confluenza della frazione GERANA e di uno scolmatore della roggia MOLINARA in località ponte autostrada frazione TORRE MANDELLI,ROMENTINO parallela alla frazione TORRE MANDELLI e dopo circa un chilometro si immette nella roggia MOLINARA,ROMENTINO,
SORGENTE TRE CONTANE,FONTANA,TRECATE,ASSOCIAZ. PESCATORI TRECATESI,TRECATE sotto ferrovia MILANO-TORINO (S. MARTINO),5000 METRI,TRECATE,
STAFFE,PARTITORE,CERANO,LIBERA,Proseguimento della Mora Cerea (concessione FIPSAS) limitrofi alla Strada Provinciale SOZZAGO-CERANO,dopo breve tratto si divide in due rami: 1° ramo destro confluisce nella MORA SAPORITI (concessione privata) 2° ramo sinistro prosegue per breve tratto,confine con la provincia di PAVIA in comune di CASSOLNUOVO,
STAZZA,FONTANA,TORNACO - BORGOLAVEZZARO,LIBERA,TORNACO a EST del comune,dopo breve percorso entra nel comune di BORGOLAVEZZARO località cascina ROVELLINA,BORGOLAVEZZARO cavo plezza località BOTTACCINO,
STORDA,FONTANA,CASALINO,LIBERA,CASALINO limistrofi strada provinciale CASALINO-CAMERIANO vicinanze ex cascina SVERGELLATA,dopo aver oltrepassato la strada provinciale CASALINO- GRANOZZO nelle vicinanze della Cascina VITTORIA entra in provincia di PAVIA comune di CONFIENZA,confine provincia con Pavia in coòune di CONFIENZA,
STORTA,FONTANA,CASALINO,EST SESIA - GESTIONE APD,testa di fontana,tutto il corso,Cavetto Busca,
STORTA,FONTANA,SOZZAGO,ASSOCIAZ. PESCATORI DI SOZZAGO,CASCINA MAGAZZENO,2000 METRI,SOZZAGO,
STROLO,RIO,NEBBIUNO - MEINA,LIBERA,POGGIO RADIOSO,NEBBIUNO località Campiglia,LAGO MAGGIORE in comune di MEINA,
STRONA,TORRENTE,CAVALLIRIO - GHEMME - ROMAGNANO S. - SIZZANO - BOCA - BRIONA - FARA,LIBERA,MONTE LOVACONE in provincia di VERCELLI,BOCA - CAVALLIRIO - ROMAGNANO S. - GHEMME - SIZZANO FARA N. - BRIONA,ROGGIA MORA nella frazione di PROH,
STRONA,CAVO,CASALINO,LIBERA,CASALINO frazione CAMERIANO dal cavo PIATTI,CASALINO sottopassa la strada statale NOVARA-VERCELLI,CASALINO rientra nel cavo PIATTI in località cascina PARPAGLIONE,
STROPPERA,SCARICATORE (annesso roggia Busca),CASALBELTRAME - CASALVOLONE,A.P.D.,dalla Busca,tutto il corso,a perdersi,
TERDOPPIO,TORRENTE,AGRATE C. - SUNO - VAPRIO - OLEGGIO - MOMO - BELLINZAGO - CALTIGNAGA - CAMERI - NOVARA - SOZZAGO - CERANO - TRECATE,LIBERA,AGRATE CONTURBIA,"MONTECCHIO (Bogogno) CASCINONE (Suno) IMPERIO (Suno) VAPRIO D'AG. confine fra Momo e Oleggio CASTELLETTO di Momo, Bellinzago, Caltignaga, Cameri, Novara, Sozzago, Cerano e Trecate",entra nella provincia di PAVIA (Villanova),GESTIONE ZTP DAL PONTE DI CORSO TRIESTE IN NOVARA A VALLE FINO AL PONTE DELLA FERROVIA
TERZAGO,TORRENTE,COLAZZA - INVORIO - MEINA,LIBERA,COLAZZA località Pasquarolo,"località PAGU', località RONCO (comune di COLAZZA)",torrente VEVERA in comune di Invorio,
TESSERA,RIO,AMENO - INVORIO,LIBERA,Monte Tessera in comune di AMENO,INVORIO cascina CEVOLA,Torrente AGOGNA tra i comuni di INVORIO e GOZZANO,
TETTONA,FONTANA,BORGOLAVEZZARO,LIBERA,BORGOLAVEZZARO nasce in località VALGRAMA,BORGOLAVEZZARO ad OVEST del comune,BORGOLAVEZZARO confine con la provincia di PAVIA nel comune di ALBONESE in località DOPPIERI,
TIASCA,TORRENTE,MEINA - PISANO - NEBBIUNO,LIBERA,NEBBIUNO,"PISANO, Ghevio di MEINA, MEINA",LAGO MAGGIORE in comune di MEINA,
TIASCHELLA,RIO,COLAZZA - NEBBIUNO - PISANO,LIBERA,ALPE BOCCIOLI in comune di PISANO,Fosseno di COLAZZA,torrente TERZAGO in comune di COLAZZA,
TICINAZZO,SCARICATORE,GALLIATE,SOCIETA' PESCATORI DILETTANTI GALLIATESI,GALLIATE,dalla sua origine dal Naviglio Langosco (località Villa Fortuna) alla sua confluenza nella Lama Barcellona,LAMA BARCELLONA,
TICINELLO,CAVO,CERANO,F.I.P.S.A.S.,CERANO,ESTENSIONE DIRITTO SUL FIUME TICINO,CERANO,
TICINO,FIUME,CAMERI,(DIRITTO ESCLUSIVO) ENTE DI GESTIONE DELLE AREE PROTETTE E DEL LAGO MAGGIORE Loc. Villa Picchetta 28062 Cameri,NORD : derivazione del Naviglio Langosco dal fiume Ticino in prossimità dello sbarramento del fiume stesso SUD : confine con il diritto di pesca del comune di Galliate OVEST : Fondo scarpata della valle EST : andamento natutale del fiume Ticino,,SUD : confine con il diritto di pesca del comune di Galliate,
TICINO,FIUME,CASTELLETTO SOPRA TICINO,"(DIRITTO ESCLUSIVO) FIPSAS - Viale Tiziano, 70 – 00196 ROMA",Parte ricadente in Comune di Castelletto (maggioranza in Lombardia) NORD termine dello scolatore sopra Cicognola in sponda piemontese EST Sponda Varesina SUD Bricola di Abbasso limitata tra la sponda piemontese ed il pilone del fiume Ticino,,SUD Bricola di Abbasso limitata tra la sponda piemontese ed il pilone del fiume Ticino,
TICINO,FIUME,CASTELLETTO SOPRA TICINO,"(DIRITTO ESCLUSIVO) DE RIU DIEGO - Nato a Milano il 24.07.1955 residente 28053 CASTELLETTO TICINO Via Vernone, 27",In Comune di Castelletto Ticino dal confine con il diritto esclusivo di pesca Paracchini/Barbieri a nord sino al confine a sud con l’ex diritto di pesca Barbieri Attilio,,confine a sud con l’ex diritto di pesca Barbieri Attilio,
TICINO,FIUME,CASTELLETTO SOPRA TICINO,"(DIRITTO ESCLUSIVO) PARACCHINI Sandra, Viviana, Luigi, Elena, Giulio, Stefania, Laura, Sergio, Giuseppina, Pier Giacomo e Franco.Referente PARACCHINI Sergio (Via L:Orta, 8 - 28041 ARONA)PIROVANO Fabio e PierFrancesco (Via Vernome 12 - 28053 CASTELLETTO T. TALARICO Fabio (Via Valle sud 18 – 28053 Castelletto Ticino)","Comune Castelletto in Località Molino Nuovo di Dorbiè, coi seguenti confini: EST parte dell'alveo del fiume Ticino ricadente nel territorio della Provincia di Varese SUD linea normale all'asse del fiume passante per un sasso contrassegnato esistente sulla sponda destra del fiume, loc. Vernone Superiore, detto sasso picchiato OVEST sponda destra del fiume in territorio di Castelletto T. in loc. Molino Nuovo di Dorbiè esclusa la zona soggetta a Diritto esclusivo DE RIU NORD linea normale all'asse del fiume e passante per la cappelletta esistente in sponda sinistra del fiume lungo la strada Sesto Calende Golasecca",,"SUD linea normale all'asse del fiume passante per un sasso contrassegnato esistente sulla sponda destra del fiume, loc. Vernone Superiore, detto sasso picchiato",
TICINO,FIUME,CERANO,"(DIRITTO ESCLUSIVO) Parco Lombardo del TicinoFraz. Pontevecchio - Via Isonzo, 120013 MAGENTA","Fiume Ticino, ramo principale e sue diramazioni, rami vivi e morti, nonchè valli, lanche, paludi, letti abbandonati, morte, mortizze e bosie lungo la tratta in Cerano compresa tra il confine territoriale di Trecate a nord, il confine del diritto pesca Fipsas a sud, la roggia sforzesca a ovest, il condine con la Provincia di Milano a est",,"confine del diritto pesca Fipsas a sud, la roggia sforzesca a ovest, il condine con la Provincia di Milano a est",
TICINO,FIUME,CERANO,"(DIRITTO ESCLUSIVO) FIPSAS - Viale Tiziano, 70 - 00196 ROMA","Fiume Ticino, ramo principale e sue diramazioni, rami vivi e morti, nonchè valli, lanche, paludi, letti abbandonati, morte, mortizze e bosie lungo la tratta Comune di Cerano compresa tra il diritto del Parco lombardo del Ticino nord, il confine con la Regione Lombardia a sud, la roggia sforzesca a ovest, il condine con la Provincia di Milano a est",,"il confine con la Regione Lombardia a sud, la roggia sforzesca a ovest, il condine con la Provincia di Milano a est",
TICINO,FIUME,GALLIATE,"(DIRITTO ESCLUSIVO) COMUNE DI GALLIATE - P.zza Martiri della Libertà, 28 – 28066 GALLIATE - GESTIONE A.P.D. GALLIATESI","Tutto il tratto del Ticino, fino alla linea mediana dal confine del territorio di Cameri a quello di Romentino","(il diritto si intende esteso ai derivati di Ticino, al Naviglio Langosco e alla Roggia Molinara scorrenti sul territorio comunale)",fino al Comune di Romentino,
TICINO,FIUME,MARANO TICINO,"(DIRITTO ESCLUSIVO) FIPSAS - Viale Tiziano, 70 - 00196 ROMA","Rami, valli, paludi, mortizze nel tratto che partendo dal sito al di sopra dell’Osteria di Zendone in confine co la Casa Castiglione di Marano Ticino a monte, discendendo compreso anche il Marone, fino allo sperone del Naviglio Grande vicino alla Casa detta della Camera",,fino allo sperone del Naviglio Grande vicino alla Casa detta della Camera,
TICINO,FIUME,BELLINZAGO,"(DIRITTO ESCLUSIVO) FIPSAS - Viale Tiziano, 70 - 00196 ROMA",Dallo Sperone o diga del Naviglio Grande (a monte) al comune di Bellinzago,,fino al Comune di Bellinzago,
TICINO,FIUME,OLEGGIO,"(DIRITTO ESCLUSIVO) FIPSAS - Viale Tiziano, 70 - 00196 ROMA",Dal Comune di Oleggio (a monte) al limite del diritto esclusivo riconosciuto al Comune di Galliate (con esclusione trVARIAZIONI ceduto al Parco del Ticino in Comune di Cameri),,,
TICINO,FIUME,POMBIA,"(DIRITTO ESCLUSIVO) FIPSAS - Viale Tiziano, 70 - 00196 ROMA",tratto scorrente in Comune di Pombia confinante a nord col Comune di Varallo Pombia e a sud col Comune di Marano Ticino,,fino al comune di Marano Ticino,
TICINO,FIUME,ROMENTINO,"(DIRITTO ESCLUSIVO) PORTA GUIDO MASSETTI PIETRO E FERDINANDO ( Via Pisani Dossi, 9 -20011 CORBETTA) GARIGIOLA ROBERTO, ENRICO E MARCO, ZAINA GIOVANNI (Via Verbano,8- 20081 Abbiategrasso) gestione AP.D. Trecatesi",Mt. 1300 circa Delimitazione:Ovest dal limite territoriale dei Comuni di Galliate e Romentino fino alla proprietà dei fratelli Bigatti?Nord: linea di confine tra i Comuni d Romentino di GalliateEst: confine proprietà f.lli Bigatti,,,
TICINO,FIUME,ROMENTINO,"(DIRITTO ESCLUSIVO) FIPSAS - Viale Tiziano, 70 - 00196 ROMA",Tratto fronteggiante gli stabili di sponda segnati ai numeri di mappa 430 e431 in territorio di Romentino (ex proprietà convento Magenta),,,
TICINO,FIUME,TRECATE,"(DIRITTO ESCLUSIVO) Comune di Trecate P.zza Cavour, 24 - 28069 TRECATE - gestione AP.D. Trecatesi","Rami, mortizze, ghiaia e lamoni del Ticino, dal confine del territorio di Romentino a quello di Cerano",,fino al Comune di Cerano,
TICINO,FIUME,VARALLO POMBIA,(DIRITTO ESCLUSIVO) COMUNE DI VARALLO POMBIA,Tratto del fiume Ticino scorrente in Comune di Varallo Pombia escluso trVARIAZIONI sotto descritto,,,
TICINO,FIUME,VARALLO POMBIA,"(DIRITTO ESCLUSIVO) FIPSAS - Viale Tiziano, 70 - 00196 ROMA","Ticino in Comune di Varallo Pombia a monte dal mappale 75, foglio 10 al confine inferiore in località cavetto all’attacco della Roggia Simonetta",,,
TICINO,FIUME - SPONDA PIEMONTESE,CASTELLETTO TICINO - VARALLO POMBIA -POMBIA - MARANO TICINO - OLEGGIO - BELLINZAGO NOV. - CAMERI,F.I.P.S.A.S.,CASTELLETTO TICINO,"dalla località Molino Nuovo di Dorbiè a sud fino al Sasso Picchiato in località Vernone Superiore e da qui sino al confine a sud dell'ex diritto esclusivo di pesca Barberi Attilio, tratto scorrente in Comune di Varallo Pombia. A nord dal confine territori",CAMERI,
TICINO,FIUME,ROMENTINO,F.I.P.S.A.S.,ROMENTINO,tratto da mt. 200 a monte del ponte dell'autostrada MI-TO fino a mt. 950 circa a valle dello stesso ponte,ROMENTINO,
TICINO,FIUME,CERANO,F.I.P.S.A.S.,CERANO,tratto del Comune di Cerano prospiciente l'estensione del Comune di Robecco sul Naviglio (compresi nei limiti fissati dal Naviglio Sforzesco escluso) comprese lanche e mortizze.,CERANO,FISHING TOUR
TICINO,FIUME + lanche e mortizze,TRECATE,ASSOCIAZ. PESCATORI TRECATESI,a 900 metri ponte dell'autostrada TO-MI a valle,tra il confine del Comune di Romentino e il confine del Comune di Cerano per 7000 metri,CERANO,FISHING TOUR
TICINO,FIUME,GALLIATE,ASSOC. PESCAT. DILETTANTI GALLIATESI,GALLIATE,"dalla linea partente dal Mulino del Pericolo passante a m. 58,20 a sud del fabbricato condominiale eretto all'inizio del primo scaricatore del Naviglio al confine territoriale tra il Comune di Galliate e il Comune di Romentino fino alla linea mezzana del",CONFINE COMUNE ROMENTINO,FISHING TOUR
TOMBA',FONTANA,CALTIGNAGA,A.P.D.,testa di fontana,tutto il corso,in Terdoppio,FISHING TOUR
TOMBONE,FONTANA,SOZZAGO,ASSOCIAZ. PESCATORI TRECATESI,Via dei SASSI in comune di SOZZAGO,4000 METRI,SOZZAGO,FISHING TOUR
TORNIELLI,FONTANA,"TERDOBBIATE, TORNACO, BORGOLAVEZZARO",LIBERA,TERDOBBIATE a SUD del paese,dopo breve percorso entra nel comune di TORNACO e nelle adiacenze della cascina MADDALENA entra nel comune di BORGOLAVEZZARO,BORGOLAVEZZARO località PRASON entra nella fontana STAZZA,
TRE ONCE,CAVO,SOZZAGO,ASSOCIAZIONE PESCATORI DI SOZZAGO,CASCINA MILORTA,1500 METRI,SOZZAGO,FISHING TOUR
TRECCIONE,SCARICATORE,GALLIATE,SOCIETA' PESCATORI DILETTANTI GALLIATESI,GALLIATE,"dalla linea partente dal Mulino del Pericolo passante a metri 58,20 a sud del fabbricato condominiale eretto all'inizio del primo scaricatore del Naviglio Langosco alla sua confluenza nel fiume Ticino","FIUME TICINO, 400 METRI A MONTE DEL PONTE DI FERRO SULLA STRADA STATALE 341",FISHING TOUR
TRIVOLZIO,FONTANA,FARA NOV.,,FARA NOV.,"tratto da 900 mt. Circa a valle della sorgente fino a circa 1500 mt. A valle del ponte a servizio della S.P. Fara-Borgo Vercelli, in Comune di Fara Nov.",FARA NOV.,
TROMBONE,FONTANA,SOZZAGO,LIBERA,nasce in prossimità della strada vecchia per TRECATE,breve tratto,s'immette nella frazione BOLOGNESA,
TURIGGIA,RIVO,ARMENO Affluenti del Rivo TURIGGIA nel comune di ARMENO: Rivo CROTTIGNOLA - Rivo PASQUAROLO - Rivo VALBONA,LIBERA,Alpe VERDIANA,Alpe SELLALUNGA,Torrente AGOGNA in comune di ARMENO,
URI',ROGGIA,BELLINZAGO - CAMERI,LIBERA,BELLINZAGO frazione CAVAGLIANO località BULE',dopo aver preso acqua da canale D.A.N. sottopassa la strada statale 32 entrando nel comune di CAMERI,CAMERI località cascina PORCELLA disperdendosi nelle campagne,
USELLINA,FONTANA,CASTELLAZZO NOV.SE,LIBERA,nasce in località cascina USELLINA in comune di CASTELLAZZO,scorre per breve percorso,in località cascina GORETTA confluisce nel cavo comune,
VALAZZA e sue derivazioni,FONTANA,CAMERI,F.I.P.S.A.S,CAMERI,dalla sorgente a monte della ferrovia NOVARA/LUINO al termine nel Terdoppio,CAMERI,
VALCHESIO (VALCHES),RIO,COLAZZA,LIBERA,Monte LA GUARDIA,COLAZZA,RIO TIASCHELLA in comune di COLAZZA,
VALDOLERA TOLDOLERA o (RIO VOLD),RIVO,ARMENO - SOVAZZA,LIBERA,Località AL GIOGO,Alpe MELCHIORRE Alpe CAVAGNINO,Torrente AGOGNA in comune di ARMENO,
VALMAGGIA,TORRENTE,POGNO,LIBERA,POGNO,POGNO,GRUA in Comune POGNO,
VECCHIA,FONTANA,TRECATE,ASSOCIAZ. PESCATORI TRECATESI,sotto ferrovia MILANO-TORINO,2000 METRI,TRECATE,
VECCHIA o VILLATA,ROGGIA,S. NAZZARO SESIA,LIBERA,nasce dal cavo montebello in località Sfregio,scorre in direzione sud del comune riceve le acque della fontana sopraccitata,confine con la provincia di VERCELLI in comune di VILLATA,
VERA,SCARICATORE,ROMENTINO,EST SESIA - GESTIONE APD,dallo Sforzesco,dagli edifici di presa in sponda sinistra del Naviglio Sforzesco in Comune di Romentino fino all'immissione in sponda destra del fiume Ticino (confine tra i Comuni di Romentino e Trecate),nelle lanche del Ticino,
VEVERA,TORRENTE,INVORIO - OLEGGIO C. - PARUZZARO - ARONA - MERCURAGO,LIBERA,I Ronchi (comune di Invorio),"PARUZZARO, MERCURAGO, ARONA",LAGO MAGGIORE in comune di ARONA,FISHING TOUR
VEVERI,CAVO DI,NOVARA,EST SESIA - GESTIONE APD,derivazione dal Canale Reg. Elena a Veveri,tutto il corso,termine dei rami destro e sinistro dello stesso Comune di Novara,
VIAZZA,ROGGIA,VICOLUNGO - RECETTO,LIBERA,VICOLUNGO a confine con il comune di RECETTO,BREVE TRATTO,s'immette nella roggia BOLGORA località BOSCHETTO in comune di NOVARA,
VIGEVANO,DIRAMATORE,GALLIATE - ROMENTINO - TRECATE - CERANO,EST SESIA - GESTIONE APD,imbocco dal Canale Cavour in Comune di Galliate,tutto il corso,confine provinciale,
VIOIA,FONTANA,LANDIONA,LIBERA,nasce in località terreni VIOIA zona cavalcavia A26,prosegue per circa 200 metri,si immette nella fontana MORMA zona cimitero,
VISCONTA ramo destro e ramo sinistro,CAVO,CASTELLAZZO NOV.SE - CASALEGGIO - SAN PIETRO MOSEZZO,LIBERA,RAMO SINISTRO nasce in località cascina Montalento dal cavo PIATTI in comune di CASALEGGIO RAMO DESTRO nasce dal canale D.A.N. in comune di CASTELLAZZO,RAMO DESTRO entra nel comune di CASALEGGIO e confluisce nel ramo sinistro RAMO SINISTRO costeggia la strada provinciale verso MOSEZZO. Riceve le acque del ramo destro quindi entra nel comune di SAN PIETRO,si immette nella roggia BIRAGA in comune di SAN PIETRO,
VOLD vedi VALDOLERA,RIO,ARMENO SOVAZZA,LIBERA,,,,
ZANOTTI,FONTANA,CASTELLAZZO NOV.SE - CASALEGGIO - SAN PIETRO MOSEZZO,LIBERA,pochi centinaia di metri prima del confine con Casaleggio in comune di CASTELLAZZO,"attraversa il territorio comunale di CASALEGGIO ad EST, quindi in località Trenta entra nel comune di S.PIETRO in frazione MOSEZZO",si perde tra le campagne in comune di S.PIETRO MOSEZZO,
ZENDONE o ACQUARINO,CAVO,POMBIA - MARANO TICINO,CONS. INTERCOM.ROGGIA MOLINARA,POMBIA,dalla testa del cavo sino all'immissione dello stesso nel fiume Ticino,MARANO TICINO,
ZUFFOLONE,RIO,DIVIGNANO - SUNO - VAPRIO,LIBERA,,DIVIGNANO SUNO VAPRIO,VAPRIO,
